"4","10000002","EN20121001004","100003"
"25","10000002","EN20121001025","100003"
"33","10000003","EN20121002001","100001"
"34","10000003","EN20121002002","100001"
"63","10000003","EN20121003019","100001"
"107","10000003","EN20121005030","100001"
"153","10000003","EN20121007023","100001"
"176","10000002","EN20121008013","100003"
"181","10000003","EN20121008020","100001"
"194","10000003","EN20121008035","100001"
"196","10000002","EN20121008037","100003"
"228","10000003","EN20121008069","100001"
"243","10000003","EN20121008084","100001"
"250","10000003","EN20121008091","100001"
"279","10000003","EN20121008121","100001"
"285","10000003","EN20121008127","100001"
"333","10000003","EN20121008177","100001"
"334","10000003","EN20121008178","100001"
"338","10000003","EN20121008182","100001"
"340","10000003","EN20121008184","100001"
"370","10000003","EN20121008214","100001"
"382","10000003","EN20121008226","100001"
"419","10000003","EN20121008263","100001"
"433","10000003","EN20121008277","100001"
"447","10000003","EN20121008291","100001"
"449","10000003","EN20121008293","100001"
"453","10000003","EN20121008297","100001"
"469","10000003","EN20121008313","100001"
"472","10000003","EN20121008316","100001"
"475","10000003","EN20121008319","100001"
"476","10000003","EN20121008320","100005"
"488","10000003","EN20121008332","100001"
"495","10000003","EN20121008339","100001"
"515","10000003","EN20121008359","100005"
"528","10000003","EN20121008372","100001"
"533","10000002","EN20121008377","100003"
"541","10000003","EN20121008385","100001"
"545","10000003","EN20121008389","100001"
"558","10000003","EN20121009010","100001"
"608","10000003","EN20121009063","100001"
"614","10000002","EN20121009069","100003"
"651","10000003","EN20121009106","100001"
"652","10000003","EN20121009107","100001"
"657","10000003","EN20121009112","100001"
"669","10000003","EN20121009124","100001"
"670","10000004","EN20121009125","100003"
"675","10000002","EN20121009130","100010"
"682","10000003","EN20121009137","100001"
"714","10000003","EN20121009169","100005"
"721","10000003","EN20121009176","100001"
"796","10000002","EN20121009252","100003"
"810","10000003","EN20121009265","100001"
"817","10000002","EN20121009272","100003"
"822","10000003","EN20121009277","100001"
"870","10000003","EN20121009325","100001"
"897","10000003","EN20121010014","100001"
"916","10000003","EN20121010034","100001"
"952","10000003","EN20121010070","100001"
"962","10000003","EN20121010080","100001"
"977","10000004","EN20121010096","100001"
"982","10000003","EN20121010101","100001"
"987","10000003","EN20121010106","100005"
"992","10000003","EN20121010111","100001"
"1002","10000002","EN20121010121","100003"
"1019","10000003","EN20121010137","100005"
"1037","10000003","EN20121010155","100001"
"1050","10000003","EN20121010168","100001"
"1099","10000003","EN20121010217","100005"
"1118","10000003","EN20121010236","100001"
"1154","10000003","EN20121010272","100001"
"1163","10000003","EN20121010281","100001"
"1178","10000003","EN20121010296","100001"
"1306","10000003","EN20121010424","100001"
"1317","10000003","EN20121011006","100001"
"1348","10000003","EN20121011037","100001"
"1382","10000003","EN20121011071","100001"
"1390","10000002","EN20121011079","100003"
"1421","10000003","EN20121011110","100001"
"1437","10000003","EN20121011126","100001"
"1438","10000002","EN20121011127","100003"
"1441","10000002","EN20121011130","100003"
"1444","10000002","EN20121011133","100003"
"1452","10000002","EN20121011141","100003"
"1508","10000003","EN20121011197","100001"
"1517","10000003","EN20121011206","100001"
"1536","10000003","EN20121011226","100001"
"1609","10000003","EN20121011300","100001"
"1610","10000003","EN20121011301","100001"
"1616","10000003","EN20121011307","100001"
"1621","10000003","EN20121011312","100001"
"1625","10000003","EN20121011316","100001"
"1626","10000003","EN20121011317","100005"
"1639","10000003","EN20121011329","100001"
"1644","10000003","EN20121011334","100001"
"1645","10000003","EN20121011335","100001"
"1648","10000003","EN20121011338","100001"
"1669","10000002","EN20121011359","100003"
"1679","10000003","EN20121011369","100007"
"1743","10000002","EN20121011433","100003"
"1744","10000002","EN20121011434","100003"
"1775","10000003","EN20121012029","100001"
"1806","10000003","EN20121012060","100001"
"1837","10000003","EN20121012091","100001"
"1843","10000002","EN20121012097","100003"
"1855","10000003","EN20121012109","100001"
"1910","10000003","EN20121012164","100005"
"1916","10000003","EN20121012170","100001"
"1919","10000002","EN20121012173","100003"
"1969","10000002","EN20121012224","100010"
"1998","10000003","EN20121012253","100001"
"2018","10000003","EN20121012273","100001"
"2033","10000003","EN20121012288","100001"
"2051","10000003","EN20121012306","100001"
"2052","10000003","EN20121012307","100001"
"2079","10000003","EN20121012334","100001"
"2111","10000002","EN20121012366","100003"
"2131","10000002","EN20121012386","100003"
"2132","10000003","EN20121012387","100001"
"2133","10000002","EN20121012388","100003"
"2136","10000003","EN20121012391","100001"
"2146","10000003","EN20121012401","100005"
"2152","10000002","EN20121012406","100003"
"2157","10000003","EN20121012411","100001"
"2163","10000002","EN20121012417","100003"
"2168","10000002","EN20121012422","100003"
"2173","10000002","EN20121012427","100003"
"2174","10000002","EN20121012428","100003"
"2175","10000002","EN20121013001","100010"
"2178","10000002","EN20121013004","100010"
"2183","10000002","EN20121013009","100010"
"2185","10000002","EN20121013011","100010"
"2186","10000002","EN20121013012","100010"
"2187","10000002","EN20121013013","100010"
"2188","10000002","EN20121013014","100010"
"2189","10000002","EN20121013015","100010"
"2190","10000002","EN20121013016","100010"
"2191","10000002","EN20121013017","100010"
"2192","10000002","EN20121013018","100010"
"2193","10000002","EN20121013019","100010"
"2194","10000002","EN20121013020","100010"
"2196","10000002","EN20121013022","100010"
"2197","10000002","EN20121013023","100010"
"2201","10000002","EN20121013027","100010"
"2206","10000002","EN20121013032","100010"
"2215","10000002","EN20121013041","100010"
"2223","10000003","EN20121013049","100001"
"2234","10000003","EN20121014009","100001"
"2246","10000003","EN20121014021","100001"
"2251","10000003","EN20121015002","100001"
"2288","10000002","EN20121015039","100003"
"2321","10000002","EN20121015071","100003"
"2330","10000003","EN20121015080","100001"
"2341","10000003","EN20121015091","100001"
"2368","10000003","EN20121015119","100001"
"2372","10000003","EN20121015123","100001"
"2377","10000003","EN20121015128","100001"
"2388","10000002","EN20121015139","100003"
"2455","10000002","EN20121015207","100003"
"2499","10000003","EN20121015251","100001"
"2500","10000003","EN20121015252","100001"
"2501","10000002","EN20121015253","100003"
"2534","10000003","EN20121015286","100001"
"2535","10000003","EN20121015287","100001"
"2536","10000003","EN20121015288","100001"
"2537","10000003","EN20121015289","100001"
"2579","10000003","EN20121015331","100001"
"2611","10000003","EN20121015363","100001"
"2616","10000002","EN20121015368","100003"
"2652","10000003","EN20121015405","100001"
"2665","10000003","EN20121015418","100001"
"2702","10000003","EN20121015455","100001"
"2705","10000002","EN20121015458","100010"
"2718","10000003","EN20121015471","100001"
"2735","10000003","EN20121015488","100001"
"2752","10000003","EN20121015505","100001"
"2789","10000002","EN20121015542","100003"
"2793","10000002","EN20121015546","100003"
"2795","10000003","EN20121015548","100001"
"2804","10000003","EN20121016003","100005"
"2896","10000003","EN20121016095","100001"
"2913","10000002","EN20121016112","100003"
"2926","10000003","EN20121016125","100001"
"2949","10000003","EN20121016148","100001"
"2954","10000003","EN20121016153","100001"
"2964","10000003","EN20121016163","100001"
"2978","10000003","EN20121016177","100001"
"3039","10000003","EN20121016238","100001"
"3111","10000002","EN20121016310","100003"
"3117","10000002","EN20121016316","100003"
"3120","10000003","EN20121016318","100001"
"3137","10000004","EN20121016335","100001"
"3139","10000003","EN20121016337","100001"
"3168","10000003","EN20121016393","100005"
"3183","10000003","EN20121016408","100001"
"3186","10000003","EN20121016411","100001"
"3189","10000003","EN20121016414","100001"
"3229","10000003","EN20121016455","100001"
"3231","10000003","EN20121016457","100001"
"3237","10000003","EN20121016463","100001"
"3271","10000003","EN20121017004","100001"
"3345","10000002","EN20121017079","100003"
"3348","10000002","EN20121017082","100003"
"3373","10000003","EN20121017107","100001"
"3375","10000003","EN20121017109","100001"
"3388","10000003","EN20121017122","100001"
"3407","10000003","EN20121017141","100005"
"3412","10000003","EN20121017145","100005"
"3422","10000003","EN20121017156","100001"
"3484","10000003","EN20121017218","100005"
"3491","10000003","EN20121017225","100001"
"3514","10000002","EN20121017248","100003"
"3556","10000003","EN20121017291","100001"
"3597","10000003","EN20121017332","100001"
"3599","10000003","EN20121017334","100001"
"3622","10000003","EN20121017357","100001"
"3633","10000003","EN20121017368","100001"
"3648","10000003","EN20121017383","100001"
"3662","10000003","EN20121017397","100001"
"3687","10000003","EN20121017422","100001"
"3701","10000002","EN20121017436","100003"
"3709","10000003","EN20121017444","100001"
"3737","10000003","EN20121017473","100001"
"3747","10000003","EN20121017483","100001"
"3849","10000003","EN20121018104","100001"
"3851","10000002","EN20121018106","100010"
"3853","10000003","EN20121018108","100001"
"3873","10000003","EN20121018129","100001"
"3912","10000003","EN20121018168","100001"
"3916","10000002","EN20121018172","100003"
"3941","10000002","EN20121018198","100003"
"3950","10000003","EN20121018207","100001"
"3963","10000003","EN20121018221","100001"
"3968","10000002","EN20121018226","100003"
"3990","10000002","EN20121018248","100003"
"4040","10000003","EN20121018298","100001"
"4057","10000002","EN20121018316","100003"
"4075","10000003","EN20121018334","100001"
"4086","10000003","EN20121018346","100001"
"4087","10000002","EN20121018347","100003"
"4114","10000002","EN20121018374","100003"
"4120","10000003","EN20121018380","100001"
"4123","10000002","EN20121018383","100003"
"4172","10000003","EN20121018432","100001"
"4177","10000003","EN20121018437","100005"
"4205","10000003","EN20121018465","100001"
"4217","10000003","EN20121018477","100001"
"4218","10000003","EN20121018478","100001"
"4287","10000003","EN20121019038","100001"
"4314","10000003","EN20121019066","100001"
"4355","10000003","EN20121019108","100001"
"4364","10000003","EN20121019117","100001"
"4398","10000004","EN20121019151","100003"
"4434","10000003","EN20121019187","100001"
"4461","10000003","EN20121019214","100001"
"4483","10000003","EN20121019238","100001"
"4498","10000003","EN20121019253","100001"
"4505","10000002","EN20121019260","100003"
"4515","10000003","EN20121019270","100001"
"4541","10000003","EN20121019296","100002"
"4566","10000002","EN20121019321","100010"
"4620","10000003","EN20121019375","100005"
"4635","10000003","EN20121019390","100002"
"4662","10000003","EN20121019417","100001"
"4741","10000002","EN20121020435","100003"
"4792","10000003","EN20121022025","100001"
"4850","10000004","EN20121022084","100001"
"4858","10000003","EN20121022092","100001"
"4877","10000003","EN20121022111","100001"
"4879","10000003","EN20121022113","100001"
"4937","10000003","EN20121022171","100001"
"4940","10000003","EN20121022174","100001"
"4959","10000002","EN20121022193","100003"
"4960","10000002","EN20121022194","100003"
"4963","10000002","EN20121022197","100003"
"4972","10000003","EN20121022205","100001"
"4984","10000003","EN20121022217","100001"
"5092","10000003","EN20121022326","100001"
"5097","10000003","EN20121022331","100005"
"5118","10000002","EN20121022352","100003"
"5146","10000003","EN20121022379","100001"
"5166","10000003","EN20121022399","100001"
"5189","10000003","EN20121022422","100001"
"5196","10000003","EN20121022429","100001"
"5205","10000003","EN20121022438","100001"
"5212","10000002","EN20121022445","100003"
"5215","10000002","EN20121022448","100003"
"5226","10000002","EN20121022459","100003"
"5227","10000002","EN20121022460","100003"
"5228","10000002","EN20121022461","100003"
"5241","10000003","EN20121023013","100001"
"5243","10000003","EN20121023015","100001"
"5271","10000002","EN20121023043","100003"
"5277","10000003","EN20121023049","100001"
"5285","10000003","EN20121023057","100005"
"5320","10000003","EN20121023093","100001"
"5351","10000002","EN20121023124","100003"
"5366","10000003","EN20121023138","100001"
"5391","10000003","EN20121023163","100001"
"5404","10000003","EN20121023176","100001"
"5423","10000002","EN20121023195","100010"
"5440","10000003","EN20121023212","100001"
"5442","10000003","EN20121023214","100001"
"5459","10000003","EN20121023232","100001"
"5466","10000003","EN20121023240","100001"
"5500","10000003","EN20121023275","100001"
"5529","10000003","EN20121023303","100001"
"5538","10000003","EN20121023312","100001"
"5550","10000002","EN20121023325","100010"
"5571","10000003","EN20121023346","100001"
"5583","10000003","EN20121023358","100001"
"5588","10000003","EN20121023363","100001"
"5622","10000003","EN20121023397","100001"
"5645","10000003","EN20121023420","100001"
"5647","10000003","EN20121023422","100001"
"5655","10000003","EN20121023430","100001"
"5676","10000002","EN20121023451","100003"
"5697","10000003","EN20121024012","100001"
"5705","10000003","EN20121024020","100001"
"5716","10000003","EN20121024031","100001"
"5719","10000003","EN20121024034","100001"
"5727","10000003","EN20121024042","100001"
"5746","10000003","EN20121024061","100001"
"5763","10000003","EN20121024078","100002"
"5767","10000003","EN20121024082","100001"
"5785","10000003","EN20121024100","100001"
"5794","10000003","EN20121024109","100001"
"5806","10000003","EN20121024121","100001"
"5817","10000002","EN20121024132","100003"
"5837","10000003","EN20121024152","100001"
"5857","10000003","EN20121024172","100001"
"5870","10000003","EN20121024185","100005"
"5876","10000003","EN20121024192","100001"
"5900","10000003","EN20121024216","100001"
"5912","10000003","EN20121024228","100001"
"5916","10000002","EN20121024232","100003"
"5935","10000003","EN20121024251","100001"
"5946","10000003","EN20121024262","100001"
"5951","10000003","EN20121024268","100001"
"5964","10000002","EN20121024281","100003"
"5991","10000003","EN20121024308","100001"
"6009","10000003","EN20121024327","100001"
"6011","10000003","EN20121024329","100001"
"6020","10000003","EN20121024338","100001"
"6021","10000003","EN20121024339","100005"
"6027","10000003","EN20121024344","100001"
"6045","10000003","EN20121024362","100005"
"6051","10000003","EN20121024368","100001"
"6059","10000003","EN20121024376","100001"
"6099","10000003","EN20121024416","100001"
"6108","10000003","EN20121024425","100001"
"6120","10000003","EN20121024437","100001"
"6128","10000003","EN20121024445","100001"
"6130","10000003","EN20121024447","100005"
"6136","10000003","EN20121024453","100001"
"6144","10000003","EN20121024461","100001"
"6147","10000003","EN20121024464","100001"
"6164","10000002","EN20121024482","100003"
"6190","10000003","EN20121025025","100001"
"6206","10000003","EN20121025042","100001"
"6288","10000003","EN20121025124","100001"
"6290","10000003","EN20121025126","100001"
"6291","10000003","EN20121025127","100001"
"6294","10000003","EN20121025130","100001"
"6331","10000003","EN20121025167","100001"
"6363","10000003","EN20121025199","100001"
"6373","10000002","EN20121025209","100003"
"6470","10000003","EN20121025306","100001"
"6472","10000003","EN20121025308","100001"
"6473","10000003","EN20121025309","100001"
"6512","10000002","EN20121025348","100003"
"6539","10000003","EN20121025375","100001"
"6545","10000003","EN20121025381","100001"
"6573","10000003","EN20121025409","100001"
"6595","10000003","EN20121025433","100005"
"6600","10000003","EN20121025437","100005"
"6606","10000002","EN20121025443","100003"
"6610","10000002","EN20121025447","100003"
"6620","10000002","EN20121025457","100003"
"6626","10000003","EN20121025463","100002"
"6647","10000003","EN20121025484","100001"
"6659","10000003","EN20121025496","100001"
"6683","10000002","EN20121025520","100003"
"6691","10000002","EN20121025528","100003"
"6692","10000002","EN20121025529","100003"
"6698","10000003","EN20121026003","100001"
"6728","10000003","EN20121026033","100001"
"6729","10000002","EN20121026034","100003"
"6758","10000003","EN20121026064","100001"
"6769","10000003","EN20121026075","100001"
"6787","10000003","EN20121026093","100001"
"6789","10000003","EN20121026096","100001"
"6796","10000003","EN20121026103","100001"
"6811","10000003","EN20121026124","100001"
"6821","10000003","EN20121026134","100001"
"6836","10000003","EN20121026149","100001"
"6852","10000002","EN20121026165","100003"
"6859","10000003","EN20121026172","100001"
"6891","10000003","EN20121026204","100001"
"6894","10000003","EN20121026207","100001"
"6905","10000002","EN20121026218","100003"
"6914","10000003","EN20121026227","100001"
"6921","10000003","EN20121026235","100001"
"6943","10000002","EN20121026257","100003"
"6967","10000003","EN20121026281","100001"
"7002","10000003","EN20121026317","100001"
"7010","10000002","EN20121026325","100003"
"7034","10000003","EN20121026348","100001"
"7040","10000003","EN20121026354","100001"
"7048","10000003","EN20121026362","100001"
"7074","10000003","EN20121026389","100001"
"7077","10000003","EN20121026392","100001"
"7082","10000003","EN20121026397","100001"
"7121","10000003","EN20121026436","100001"
"7187","10000003","EN20121027046","100001"
"7196","10000003","EN20121027055","100001"
"7199","10000003","EN20121028003","100001"
"7214","10000003","EN20121029005","100001"
"7223","10000003","EN20121029015","100001"
"7250","10000003","EN20121029042","100001"
"7265","10000003","EN20121029057","100001"
"7278","10000003","EN20121029070","100001"
"7285","10000003","EN20121029077","100001"
"7287","10000003","EN20121029079","100001"
"7295","10000003","EN20121029087","100001"
"7323","10000003","EN20121029115","100001"
"7328","10000003","EN20121029120","100001"
"7344","10000003","EN20121029136","100001"
"7352","10000003","EN20121029145","100001"
"7362","10000003","EN20121029155","100001"
"7370","10000003","EN20121029163","100001"
"7385","10000003","EN20121029178","100001"
"7391","10000003","EN20121029184","100001"
"7393","10000003","EN20121029186","100002"
"7395","10000003","EN20121029188","100001"
"7412","10000003","EN20121029205","100001"
"7430","10000002","EN20121029223","100003"
"7431","10000003","EN20121029224","100001"
"7446","10000002","EN20121029239","100003"
"7454","10000003","EN20121029246","100005"
"7459","10000003","EN20121029251","100001"
"7466","10000003","EN20121029258","100001"
"7482","10000003","EN20121029274","100001"
"7498","10000003","EN20121029291","100001"
"7515","10000003","EN20121029308","100001"
"7516","10000004","EN20121029308","100001"
"7524","10000003","EN20121029316","100001"
"7539","10000003","EN20121029331","100001"
"7567","10000003","EN20121029360","100001"
"7572","10000003","EN20121029365","100001"
"7573","10000003","EN20121029366","100001"
"7577","10000003","EN20121029370","100001"
"7587","10000003","EN20121029380","100001"
"7601","10000003","EN20121029394","100001"
"7603","10000003","EN20121029396","100001"
"7608","10000002","EN20121029401","100003"
"7613","10000003","EN20121029406","100001"
"7627","10000003","EN20121029420","100001"
"7642","10000003","EN20121029435","100001"
"7656","10000003","EN20121029449","100005"
"7685","10000003","EN20121030018","100001"
"7688","10000003","EN20121030021","100001"
"7709","10000003","EN20121030042","100001"
"7759","10000003","EN20121030093","100001"
"7760","10000002","EN20121030094","100003"
"7773","10000003","EN20121030107","100005"
"7781","10000003","EN20121030115","100001"
"7796","10000003","EN20121030130","100001"
"7797","10000002","EN20121030131","100003"
"7802","10000003","EN20121030135","100001"
"7845","10000003","EN20121030179","100001"
"7846","10000003","EN20121030180","100001"
"7851","10000003","EN20121030185","100001"
"7859","10000003","EN20121030193","100001"
"7861","10000003","EN20121030195","100001"
"7871","10000003","EN20121030205","100001"
"7873","10000003","EN20121030207","100001"
"7886","10000003","EN20121030220","100005"
"7888","10000003","EN20121030222","100001"
"7889","10000003","EN20121030223","100001"
"7900","10000003","EN20121030234","100001"
"7901","10000002","EN20121030235","100003"
"7909","10000002","EN20121030243","100003"
"7915","10000003","EN20121030250","100001"
"7920","10000003","EN20121030255","100001"
"7944","10000002","EN20121030280","100003"
"7947","10000003","EN20121030283","100001"
"7955","10000003","EN20121030291","100005"
"7975","10000002","EN20121030311","100003"
"7986","10000003","EN20121030322","100001"
"8050","10000003","EN20121030386","100001"
"8066","10000003","EN20121030402","100001"
"8084","10000003","EN20121030422","100001"
"8108","10000003","EN20121031010","100001"
"8114","10000003","EN20121031019","100001"
"8119","10000003","EN20121031029","100001"
"8141","10000004","EN20121031051","100001"
"8160","10000003","EN20121031070","100001"
"8187","10000003","EN20121031097","100001"
"8204","10000003","EN20121031115","100001"
"8235","10000004","EN20121031146","100001"
"8237","10000003","EN20121031148","100001"
"8239","10000003","EN20121031150","100001"
"8243","10000003","EN20121031154","100001"
"8245","10000002","EN20121031156","100003"
"8247","10000003","EN20121031157","100001"
"8249","10000003","EN20121031159","100001"
"8260","10000002","EN20121031170","100003"
"8280","10000003","EN20121031189","100001"
"8296","10000003","EN20121031208","100001"
"8298","10000003","EN20121031210","100001"
"8310","10000002","EN20121031222","100003"
"8348","10000003","EN20121031259","100001"
"8355","10000003","EN20121031266","100001"
"8358","10000003","EN20121031269","100001"
"8363","10000003","EN20121031274","100001"
"8365","10000003","EN20121031276","100001"
"8372","10000003","EN20121031283","100001"
"8380","10000002","EN20121031291","100003"
"8383","10000003","EN20121031294","100001"
"8387","10000002","EN20121031298","100003"
"8389","10000003","EN20121031300","100001"
"8392","10000003","EN20121031303","100005"
"8400","10000003","EN20121031311","100001"
"8402","10000003","EN20121031313","100001"
"8404","10000003","EN20121031315","100001"
"8410","10000003","EN20121031322","100001"
"8431","10000003","EN20121031343","100001"
"8445","10000003","EN20121031357","100001"
"8447","10000003","EN20121031359","100001"
"8448","10000003","EN20121031361","100001"
"8519","10000003","EN20121031432","100001"
"8520","10000002","EN20121031433","100003"
"8539","10000003","EN20121031452","100001"
"8541","10000003","EN20121031454","100001"
"8542","10000002","EN20121031455","100003"
"8547","10000003","EN20121031460","100001"
"8557","10000003","EN20121031470","100001"
"8565","10000003","EN20121101001","100001"
"8582","10000003","EN20121101019","100001"
"8585","10000002","EN20121101022","100005"
"8594","10000003","EN20121101030","100001"
"8644","10000003","EN20121101080","100001"
"8646","10000003","EN20121101083","100001"
"8655","10000003","EN20121101093","100001"
"8656","10000003","EN20121101094","100001"
"8666","10000003","EN20121101104","100001"
"8671","10000003","EN20121101109","100001"
"8680","10000003","EN20121101118","100001"
"8684","10000003","EN20121101122","100001"
"8702","10000002","EN20121101140","100003"
"8705","10000003","EN20121101142","100001"
"8707","10000003","EN20121101144","100001"
"8709","10000003","EN20121101146","100001"
"8712","10000003","EN20121101150","100001"
"8734","10000002","EN20121101174","100003"
"8736","10000003","EN20121101176","100001"
"8746","10000002","EN20121101186","100003"
"8764","10000002","EN20121101204","100003"
"8770","10000003","EN20121101210","100006"
"8778","10000003","EN20121101218","100001"
"8790","10000003","EN20121101231","100001"
"8821","10000003","EN20121101262","100001"
"8824","10000003","EN20121101265","100001"
"8827","10000003","EN20121101268","100001"
"8833","10000003","EN20121101274","100001"
"8840","10000003","EN20121101281","100001"
"8861","10000003","EN20121101303","100001"
"8870","10000003","EN20121101312","100001"
"8892","10000002","EN20121101334","100003"
"8898","10000003","EN20121101340","100001"
"8905","10000003","EN20121101348","100001"
"8913","10000003","EN20121101356","100001"
"8926","10000003","EN20121101370","100005"
"8935","10000003","EN20121101378","100001"
"8972","10000003","EN20121101417","100001"
"8984","10000002","EN20121101429","100005"
"8986","10000003","EN20121101431","100001"
"9021","10000003","EN20121101466","100001"
"9043","10000003","EN20121102011","100001"
"9048","10000003","EN20121102016","100001"
"9062","10000002","EN20121102030","100003"
"9108","10000003","EN20121102077","100001"
"9112","10000004","EN20121102081","100003"
"9117","10000003","EN20121102086","100005"
"9128","10000003","EN20121102096","100001"
"9153","10000003","EN20121102122","100001"
"9156","10000002","EN20121102125","100003"
"9159","10000003","EN20121102127","100001"
"9164","10000003","EN20121102132","100001"
"9166","10000003","EN20121102134","100001"
"9181","10000003","EN20121102151","100001"
"9205","10000003","EN20121102175","100001"
"9226","10000002","EN20121102196","100003"
"9237","10000003","EN20121102206","100010"
"9293","10000003","EN20121102262","100001"
"9303","10000003","EN20121102272","100001"
"9322","10000003","EN20121102291","100001"
"9339","10000003","EN20121102308","100005"
"9386","10000003","EN20121102355","100001"
"9388","10000003","EN20121102357","100001"
"9395","10000003","EN20121102364","100001"
"9396","10000002","EN20121102365","100004"
"9412","10000003","EN20121102381","100001"
"9419","10000003","EN20121102388","100001"
"9426","10000003","EN20121102395","100001"
"9440","10000003","EN20121102409","100001"
"9457","10000002","EN20121102427","100003"
"9482","10000002","EN20121102452","100003"
"9483","10000003","EN20121102453","100001"
"9579","10000003","EN20121105040","100001"
"9585","10000003","EN20121105046","100001"
"9607","10000003","EN20121105068","100001"
"9614","10000003","EN20121105075","100001"
"9629","10000003","EN20121105090","100001"
"9636","10000003","EN20121105097","100001"
"9643","10000002","EN20121105104","100003"
"9653","10000003","EN20121105114","100001"
"9656","10000003","EN20121105117","100001"
"9663","10000003","EN20121105124","100001"
"9668","10000003","EN20121105129","100001"
"9671","10000003","EN20121105132","100001"
"9675","10000003","EN20121105136","100001"
"9676","10000003","EN20121105137","100001"
"9686","10000003","EN20121105147","100001"
"9687","10000003","EN20121105148","100001"
"9694","10000002","EN20121105155","100003"
"9696","10000003","EN20121105156","100001"
"9702","10000003","EN20121105162","100001"
"9737","10000003","EN20121105197","100001"
"9770","10000003","EN20121105230","100001"
"9771","10000003","EN20121105231","100001"
"9782","10000003","EN20121105242","100001"
"9783","10000003","EN20121105243","100001"
"9808","10000002","EN20121105268","100003"
"9858","10000003","EN20121105318","100001"
"9870","10000003","EN20121105330","100001"
"9883","10000003","EN20121105344","100001"
"9920","10000003","EN20121105382","100001"
"9924","10000003","EN20121105386","100001"
"9968","10000003","EN20121105430","100001"
"9983","10000003","EN20121105446","100001"
"9989","10000002","EN20121105452","100003"
"9992","10000003","EN20121105455","100001"
"10004","10000003","EN20121105468","100005"
"10008","10000003","EN20121105471","100001"
"10019","10000003","EN20121106007","100001"
"10020","10000003","EN20121106009","100001"
"10026","10000003","EN20121106015","100001"
"10033","10000003","EN20121106022","100001"
"10038","10000002","EN20121106027","100004"
"10045","10000003","EN20121106034","100001"
"10046","10000003","EN20121106035","100001"
"10056","10000002","EN20121106045","100003"
"10059","10000003","EN20121106048","100001"
"10064","10000003","EN20121106053","100001"
"10081","10000003","EN20121106070","100001"
"10082","10000003","EN20121106071","100001"
"10119","10000003","EN20121106108","100001"
"10126","10000003","EN20121106115","100001"
"10151","10000003","EN20121106147","100001"
"10158","10000002","EN20121106154","100004"
"10175","10000003","EN20121106171","100001"
"10177","10000002","EN20121106173","100003"
"10179","10000003","EN20121106175","100001"
"10205","10000003","EN20121106201","100001"
"10206","10000003","EN20121106203","100001"
"10219","10000003","EN20121106216","100001"
"10222","10000003","EN20121106219","100001"
"10246","10000003","EN20121106243","100001"
"10249","10000003","EN20121106246","100001"
"10260","10000003","EN20121106257","100001"
"10262","10000003","EN20121106259","100001"
"10271","10000003","EN20121106268","100005"
"10301","10000002","EN20121106298","100003"
"10304","10000003","EN20121106301","100001"
"10307","10000003","EN20121106304","100001"
"10308","10000003","EN20121106305","100001"
"10326","10000002","EN20121106323","100003"
"10330","10000003","EN20121106327","100001"
"10336","10000002","EN20121106333","100005"
"10344","10000003","EN20121106341","100001"
"10352","10000003","EN20121106349","100001"
"10359","10000003","EN20121106356","100001"
"10381","10000002","EN20121106378","100003"
"10383","10000002","EN20121106380","100003"
"10386","10000003","EN20121106383","100001"
"10403","10000003","EN20121106400","100001"
"10426","10000003","EN20121106423","100001"
"10436","10000002","EN20121106433","100003"
"10456","10000002","EN20121107008","100003"
"10457","10000003","EN20121107009","100001"
"10458","10000002","EN20121107010","100003"
"10462","10000002","EN20121107014","100003"
"10466","10000002","EN20121107018","100003"
"10475","10000002","EN20121107027","100003"
"10476","10000003","EN20121107028","100001"
"10490","10000003","EN20121107042","100001"
"10513","10000003","EN20121107065","100001"
"10515","10000003","EN20121107067","100001"
"10516","10000002","EN20121107068","100003"
"10518","10000003","EN20121107070","100001"
"10527","10000003","EN20121107079","100001"
"10533","10000003","EN20121107085","100001"
"10534","10000003","EN20121107086","100001"
"10553","10000003","EN20121107105","100001"
"10555","10000003","EN20121107107","100001"
"10591","10000003","EN20121107145","100001"
"10611","10000004","EN20121107165","100001"
"10613","10000003","EN20121107167","100001"
"10622","10000002","EN20121107176","100003"
"10674","10000003","EN20121107227","100001"
"10676","10000003","EN20121107229","100001"
"10679","10000003","EN20121107232","100001"
"10688","10000002","EN20121107241","100003"
"10706","10000003","EN20121107259","100001"
"10711","10000002","EN20121107264","100003"
"10718","10000003","EN20121107271","100001"
"10731","10000003","EN20121107284","100001"
"10743","10000003","EN20121107296","100001"
"10764","10000003","EN20121107316","100001"
"10779","10000003","EN20121107331","100001"
"10813","10000003","EN20121107365","100001"
"10826","10000003","EN20121107378","100001"
"10829","10000003","EN20121107381","100001"
"10842","10000002","EN20121107394","100003"
"10852","10000003","EN20121107404","100001"
"10861","10000003","EN20121108005","100001"
"10897","10000003","EN20121108041","100001"
"10903","10000003","EN20121108047","100001"
"10910","10000003","EN20121108054","100001"
"10931","10000003","EN20121108075","100001"
"10940","10000003","EN20121108084","100001"
"10949","10000003","EN20121108093","100001"
"10951","10000002","EN20121108095","100004"
"10957","10000003","EN20121108101","100001"
"10980","10000003","EN20121108124","100001"
"10991","10000003","EN20121108135","100001"
"10992","10000003","EN20121108136","100001"
"11010","10000002","EN20121108154","100004"
"11025","10000002","EN20121108169","100005"
"11035","10000003","EN20121108178","100001"
"11037","10000003","EN20121108181","100001"
"11046","10000003","EN20121108190","100001"
"11071","10000003","EN20121108215","100001"
"11082","10000003","EN20121108226","100001"
"11085","10000003","EN20121108229","100001"
"11095","10000004","EN20121108239","100003"
"11146","10000003","EN20121108292","100001"
"11148","10000003","EN20121108294","100001"
"11162","10000003","EN20121108309","100001"
"11183","10000003","EN20121108329","100001"
"11192","10000003","EN20121108338","100001"
"11218","10000003","EN20121108366","100001"
"11226","10000003","EN20121108375","100001"
"11253","10000002","EN20121109010","100003"
"11260","10000002","EN20121109017","100003"
"11273","10000003","EN20121109030","100001"
"11324","10000003","EN20121109082","100001"
"11341","10000003","EN20121109099","100001"
"11345","10000003","EN20121109103","100001"
"11359","10000003","EN20121109119","100001"
"11362","10000003","EN20121109122","100001"
"11364","10000003","EN20121109124","100001"
"11366","10000003","EN20121109126","100001"
"11367","10000003","EN20121109127","100001"
"11386","10000003","EN20121109146","100001"
"11398","10000003","EN20121109158","100001"
"11403","10000003","EN20121109163","100001"
"11408","10000003","EN20121109168","100001"
"11409","10000003","EN20121109169","100001"
"11415","10000002","EN20121109175","100003"
"11429","10000003","EN20121109189","100001"
"11430","10000002","EN20121109190","100003"
"11431","10000004","EN20121109190","100003"
"11436","10000003","EN20121109195","100001"
"11444","10000003","EN20121109203","100005"
"11454","10000003","EN20121109214","100001"
"11468","10000003","EN20121109228","100001"
"11500","10000003","EN20121109260","100005"
"11501","10000003","EN20121109261","100001"
"11518","10000003","EN20121109278","100005"
"11537","10000003","EN20121109297","100001"
"11546","10000003","EN20121109307","100001"
"11547","10000003","EN20121109308","100001"
"11548","10000003","EN20121109309","100001"
"11553","10000003","EN20121109314","100001"
"11560","10000003","EN20121109321","100001"
"11564","10000003","EN20121109325","100001"
"11570","10000003","EN20121109331","100001"
"11636","10000003","EN20121110020","100001"
"11670","10000003","EN20121110054","100001"
"11693","10000003","EN20121111019","100001"
"11719","10000003","EN20121112018","100001"
"11725","10000003","EN20121112024","100001"
"11727","10000003","EN20121112026","100001"
"11740","10000003","EN20121112039","100001"
"11747","10000003","EN20121112046","100001"
"11757","10000003","EN20121112056","100001"
"11775","10000003","EN20121112074","100001"
"11785","10000003","EN20121112084","100001"
"11791","10000003","EN20121112090","100001"
"11804","10000003","EN20121112103","100001"
"11884","10000003","EN20121112183","100001"
"11916","10000003","EN20121112215","100001"
"11920","10000004","EN20121112218","100003"
"11936","10000003","EN20121112234","100001"
"11961","10000003","EN20121112259","100005"
"12002","10000002","EN20121112299","100003"
"12003","10000004","EN20121112299","100003"
"12008","10000002","EN20121112304","100005"
"12021","10000003","EN20121112316","100001"
"12030","10000004","EN20121112325","100003"
"12044","10000003","EN20121112339","100001"
"12055","10000003","EN20121112350","100001"
"12099","10000002","EN20121112394","100003"
"12115","10000003","EN20121112410","100001"
"12118","10000003","EN20121112412","100001"
"12148","10000003","EN20121112445","100001"
"12159","10000003","EN20121113008","100001"
"12170","10000002","EN20121113019","100003"
"12178","10000003","EN20121113027","100001"
"12179","10000002","EN20121113028","100005"
"12186","10000003","EN20121113035","100001"
"12198","10000002","EN20121113047","100003"
"12211","10000003","EN20121113060","100001"
"12216","10000003","EN20121113065","100001"
"12226","10000003","EN20121113075","100001"
"12232","10000003","EN20121113082","100001"
"12249","10000003","EN20121113099","100001"
"12264","10000003","EN20121113114","100001"
"12293","10000003","EN20121113143","100001"
"12308","10000003","EN20121113158","100001"
"12349","10000003","EN20121113200","100001"
"12357","10000003","EN20121113208","100001"
"12370","10000003","EN20121113222","100001"
"12376","10000003","EN20121113228","100001"
"12438","10000003","EN20121113291","100001"
"12444","10000002","EN20121113297","100003"
"12446","10000002","EN20121113299","100003"
"12466","10000003","EN20121113320","100001"
"12469","10000003","EN20121113323","100001"
"12473","10000003","EN20121113327","100001"
"12495","10000003","EN20121113349","100001"
"12518","10000003","EN20121113372","100001"
"12523","10000002","EN20121113377","100003"
"12529","10000002","EN20121113383","100003"
"12537","10000002","EN20121113391","100003"
"12556","10000002","EN20121114007","100003"
"12562","10000003","EN20121114013","100001"
"12582","10000002","EN20121114033","100003"
"12584","10000003","EN20121114035","100001"
"12599","10000003","EN20121114050","100001"
"12606","10000002","EN20121114057","100003"
"12607","10000003","EN20121114058","100001"
"12608","10000003","EN20121114059","100001"
"12620","10000002","EN20121114071","100003"
"12625","10000003","EN20121114076","100001"
"12630","10000002","EN20121114081","100003"
"12639","10000003","EN20121114090","100001"
"12640","10000002","EN20121114091","100003"
"12698","10000003","EN20121114149","100001"
"12702","10000003","EN20121114153","100001"
"12721","10000003","EN20121114173","100001"
"12743","10000003","EN20121114195","100001"
"12770","10000002","EN20121114223","100003"
"12781","10000003","EN20121114234","100001"
"12800","10000003","EN20121114253","100005"
"12825","10000003","EN20121114277","100001"
"12835","10000002","EN20121114287","100003"
"12867","10000003","EN20121114318","100001"
"12876","10000002","EN20121114327","100003"
"12877","10000003","EN20121114328","100001"
"12880","10000003","EN20121114331","100001"
"12887","10000003","EN20121114338","100001"
"12897","10000003","EN20121114348","100001"
"12905","10000003","EN20121114356","100001"
"12920","10000003","EN20121114371","100001"
"12935","10000003","EN20121114386","100001"
"12940","10000003","EN20121114391","100001"
"12944","10000002","EN20121114395","100003"
"12946","10000003","EN20121114397","100001"
"12950","10000003","EN20121114401","100001"
"12994","10000003","EN20121115013","100001"
"13017","10000003","EN20121115036","100001"
"13061","10000003","EN20121115080","100001"
"13071","10000003","EN20121115090","100001"
"13073","10000003","EN20121115092","100001"
"13077","10000003","EN20121115096","100001"
"13078","10000003","EN20121115097","100001"
"13107","10000003","EN20121115126","100001"
"13110","10000003","EN20121115129","100001"
"13113","10000002","EN20121115132","100003"
"13128","10000003","EN20121115146","100001"
"13130","10000003","EN20121115148","100001"
"13149","10000003","EN20121115167","100001"
"13152","10000003","EN20121115170","100001"
"13155","10000003","EN20121115173","100001"
"13159","10000003","EN20121115177","100001"
"13168","10000002","EN20121115186","100003"
"13177","10000003","EN20121115195","100001"
"13178","10000003","EN20121115196","100001"
"13190","10000003","EN20121115208","100001"
"13198","10000003","EN20121115216","100001"
"13223","10000003","EN20121115241","100001"
"13224","10000003","EN20121115242","100001"
"13228","10000003","EN20121115246","100001"
"13240","10000003","EN20121115258","100005"
"13259","10000002","EN20121115277","100003"
"13264","10000002","EN20121115282","100003"
"13283","10000003","EN20121115302","100001"
"13296","10000002","EN20121116008","100003"
"13309","10000003","EN20121116021","100001"
"13336","10000002","EN20121116048","100003"
"13338","10000003","EN20121116049","100001"
"13339","10000003","EN20121116050","100001"
"13340","10000003","EN20121116051","100001"
"13342","10000002","EN20121116053","100003"
"13345","10000002","EN20121116056","100003"
"13368","10000003","EN20121116079","100001"
"13385","10000002","EN20121116096","100003"
"13398","10000003","EN20121116109","100001"
"13417","10000003","EN20121116128","100001"
"13418","10000003","EN20121116129","100001"
"13419","10000003","EN20121116130","100001"
"13423","10000002","EN20121116134","100003"
"13428","10000003","EN20121116139","100001"
"13448","10000002","EN20121116159","100003"
"13453","10000002","EN20121116164","100003"
"13468","10000003","EN20121116179","100001"
"13482","10000002","EN20121116193","100003"
"13487","10000003","EN20121116198","100001"
"13488","10000003","EN20121116199","100001"
"13493","10000003","EN20121116204","100001"
"13502","10000002","EN20121116214","100003"
"13503","10000002","EN20121116215","100003"
"13512","10000003","EN20121116224","100001"
"13518","10000003","EN20121116230","100001"
"13527","10000003","EN20121116239","100005"
"13547","10000003","EN20121116260","100001"
"13551","10000003","EN20121116264","100001"
"13560","10000003","EN20121116273","100001"
"13590","10000003","EN20121116303","100001"
"13617","10000002","EN20121116330","100003"
"13626","10000002","EN20121116339","100003"
"13627","10000003","EN20121116340","100001"
"13635","10000002","EN20121116349","100003"
"13656","10000003","EN20121116370","100001"
"13672","10000003","EN20121117009","100001"
"13688","10000003","EN20121117025","100001"
"13710","10000002","EN20121119006","100003"
"13712","10000003","EN20121119007","100001"
"13713","10000002","EN20121119008","100003"
"13717","10000003","EN20121119012","100001"
"13720","10000003","EN20121119015","100001"
"13722","10000002","EN20121119017","100003"
"13723","10000003","EN20121119018","100001"
"13730","10000002","EN20121119025","100003"
"13756","10000003","EN20121119051","100001"
"13766","10000002","EN20121119061","100003"
"13779","10000003","EN20121119074","100001"
"13787","10000003","EN20121119083","100001"
"13794","10000003","EN20121119090","100001"
"13817","10000003","EN20121119113","100001"
"13852","10000002","EN20121119148","100003"
"13869","10000003","EN20121119165","100001"
"13870","10000003","EN20121119166","100001"
"13877","10000003","EN20121119173","100001"
"13878","10000003","EN20121119174","100001"
"13900","10000002","EN20121119196","100003"
"13916","10000003","EN20121119212","100001"
"13918","10000003","EN20121119214","100001"
"13948","10000003","EN20121119244","100001"
"13961","10000003","EN20121119257","100005"
"13962","10000002","EN20121119258","100003"
"13963","10000002","EN20121119259","100003"
"13964","10000003","EN20121119260","100001"
"13983","10000002","EN20121119279","100003"
"14002","10000002","EN20121119297","100003"
"14026","10000002","EN20121119321","100003"
"14034","10000003","EN20121119329","100001"
"14035","10000002","EN20121119330","100005"
"14036","10000003","EN20121119330","100005"
"14042","10000003","EN20121119336","100001"
"14064","10000002","EN20121119359","100003"
"14099","10000003","EN20121119395","100001"
"14100","10000002","EN20121119396","100003"
"14107","10000002","EN20121119403","100003"
"14116","10000002","EN20121119412","100003"
"14143","10000003","EN20121119439","100001"
"14162","10000003","EN20121120010","100001"
"14169","10000003","EN20121120017","100001"
"14175","10000003","EN20121120023","100001"
"14176","10000003","EN20121120024","100001"
"14179","10000003","EN20121120028","100001"
"14208","10000002","EN20121120057","100003"
"14220","10000003","EN20121120069","100001"
"14228","10000002","EN20121120078","100010"
"14229","10000002","EN20121120079","100010"
"14230","10000002","EN20121120090","100010"
"14231","10000002","EN20121120094","100010"
"14232","10000002","EN20121120095","100010"
"14233","10000002","EN20121120096","100010"
"14234","10000002","EN20121120098","100010"
"14260","10000002","EN20121120145","100003"
"14268","10000002","EN20121120153","100003"
"14269","10000003","EN20121120154","100001"
"14279","10000003","EN20121120164","100001"
"14281","10000002","EN20121120166","100003"
"14289","10000002","EN20121120174","100003"
"14307","10000003","EN20121120192","100005"
"14309","10000003","EN20121120194","100001"
"14314","10000002","EN20121120199","100003"
"14320","10000002","EN20121120205","100003"
"14331","10000003","EN20121120216","100001"
"14334","10000002","EN20121120219","100003"
"14345","10000002","EN20121120229","100003"
"14347","10000003","EN20121120231","100001"
"14370","10000003","EN20121120254","100001"
"14372","10000003","EN20121120256","100001"
"14378","10000003","EN20121120262","100001"
"14381","10000002","EN20121120265","100003"
"14388","10000003","EN20121120271","100001"
"14390","10000002","EN20121120273","100003"
"14406","10000003","EN20121120289","100001"
"14418","10000003","EN20121120301","100005"
"14420","10000003","EN20121120303","100001"
"14431","10000003","EN20121120314","100001"
"14434","10000002","EN20121120317","100003"
"14446","10000004","EN20121120329","100001"
"14448","10000003","EN20121120331","100001"
"14469","10000002","EN20121120352","100003"
"14479","10000003","EN20121120362","100001"
"14493","10000003","EN20121120376","100001"
"14499","10000003","EN20121120382","100001"
"14502","10000004","EN20121120385","100001"
"14508","10000002","EN20121120392","100003"
"14517","10000003","EN20121120402","100001"
"14524","10000002","EN20121120409","100003"
"14528","10000003","EN20121120413","100001"
"14550","10000003","EN20121120435","100001"
"14558","10000003","EN20121120443","100001"
"14570","10000003","EN20121120455","100001"
"14586","10000003","EN20121120471","100001"
"14588","10000003","EN20121120473","100001"
"14622","10000003","EN20121121014","100001"
"14625","10000003","EN20121121017","100001"
"14636","10000003","EN20121121028","100001"
"14662","10000003","EN20121121054","100001"
"14666","10000002","EN20121121058","100003"
"14668","10000003","EN20121121060","100001"
"14670","10000003","EN20121121062","100001"
"14674","10000003","EN20121121066","100001"
"14682","10000002","EN20121121074","100003"
"14692","10000003","EN20121121084","100001"
"14703","10000002","EN20121121095","100003"
"14711","10000003","EN20121121103","100001"
"14712","10000003","EN20121121104","100001"
"14713","10000003","EN20121121105","100001"
"14714","10000003","EN20121121106","100001"
"14717","10000003","EN20121121109","100001"
"14723","10000002","EN20121121115","100003"
"14725","10000003","EN20121121117","100001"
"14742","10000003","EN20121121134","100001"
"14749","10000003","EN20121121141","100001"
"14776","10000003","EN20121121168","100001"
"14788","10000003","EN20121121188","100001"
"14805","10000003","EN20121121205","100001"
"14809","10000003","EN20121121209","100001"
"14811","10000003","EN20121121211","100001"
"14814","10000002","EN20121121214","100003"
"14822","10000002","EN20121121222","100003"
"14832","10000003","EN20121121232","100005"
"14841","10000003","EN20121121240","100001"
"14843","10000003","EN20121121242","100001"
"14852","10000002","EN20121121251","100003"
"14867","10000002","EN20121121265","100003"
"14926","10000003","EN20121121324","100001"
"14941","10000003","EN20121121340","100001"
"14949","10000003","EN20121121348","100001"
"14960","10000003","EN20121121360","100001"
"14964","10000003","EN20121121364","100001"
"14987","10000003","EN20121121387","100001"
"14998","10000003","EN20121121398","100001"
"14999","10000003","EN20121121399","100001"
"15026","10000003","EN20121122021","100001"
"15036","10000002","EN20121122031","100003"
"15045","10000003","EN20121122040","100001"
"15054","10000003","EN20121122049","100001"
"15066","10000003","EN20121122061","100001"
"15072","10000003","EN20121122067","100001"
"15075","10000003","EN20121122070","100001"
"15089","10000003","EN20121122085","100001"
"15090","10000003","EN20121122086","100001"
"15091","10000003","EN20121122087","100001"
"15108","10000003","EN20121122104","100001"
"15124","10000003","EN20121122120","100001"
"15141","10000002","EN20121122137","100005"
"15145","10000003","EN20121122140","100001"
"15159","10000003","EN20121122156","100001"
"15176","10000003","EN20121122173","100001"
"15182","10000003","EN20121122179","100001"
"15183","10000003","EN20121122180","100005"
"15201","10000003","EN20121122199","100001"
"15214","10000003","EN20121122213","100001"
"15221","10000003","EN20121122220","100001"
"15222","10000003","EN20121122221","100001"
"15245","10000003","EN20121122244","100001"
"15248","10000003","EN20121122248","100001"
"15260","10000003","EN20121122260","100001"
"15262","10000003","EN20121122262","100001"
"15264","10000003","EN20121122264","100001"
"15265","10000003","EN20121122265","100001"
"15273","10000003","EN20121122273","100001"
"15276","10000003","EN20121122276","100001"
"15297","10000002","EN20121122297","100003"
"15364","10000002","EN20121122366","100003"
"15375","10000003","EN20121122377","100001"
"15378","10000003","EN20121122380","100001"
"15386","10000002","EN20121122388","100003"
"15405","10000003","EN20121122407","100001"
"15416","10000002","EN20121122418","100003"
"15430","10000003","EN20121123004","100001"
"15435","10000003","EN20121123009","100001"
"15441","10000003","EN20121123015","100001"
"15442","10000002","EN20121123016","100003"
"15444","10000002","EN20121123018","100003"
"15460","10000002","EN20121123034","100003"
"15469","10000002","EN20121123043","100003"
"15471","10000003","EN20121123045","100001"
"15474","10000003","EN20121123048","100001"
"15484","10000003","EN20121123058","100001"
"15496","10000003","EN20121123070","100001"
"15501","10000003","EN20121123075","100001"
"15513","10000003","EN20121123087","100005"
"15548","10000002","EN20121123122","100005"
"15557","10000003","EN20121123130","100001"
"15562","10000002","EN20121123135","100003"
"15567","10000002","EN20121123140","100003"
"15572","10000003","EN20121123145","100001"
"15586","10000004","EN20121123161","100001"
"15595","10000003","EN20121123170","100001"
"15612","10000003","EN20121123187","100001"
"15617","10000003","EN20121123192","100001"
"15619","10000002","EN20121123194","100003"
"15623","10000003","EN20121123199","100001"
"15654","10000003","EN20121123231","100001"
"15663","10000002","EN20121123241","100010"
"15666","10000003","EN20121123244","100001"
"15738","10000002","EN20121123316","100003"
"15745","10000002","EN20121123323","100003"
"15750","10000003","EN20121123328","100001"
"15755","10000003","EN20121123333","100005"
"15762","10000003","EN20121123339","100001"
"15767","10000003","EN20121123344","100001"
"15782","10000002","EN20121123359","100005"
"15812","10000003","EN20121123388","100001"
"15813","10000004","EN20121123388","100001"
"15817","10000003","EN20121123392","100001"
"15852","10000004","EN20121124002","100003"
"15902","10000002","EN20121125001","100003"
"15903","10000002","EN20121125002","100003"
"15904","10000002","EN20121125003","100003"
"15915","10000003","EN20121125014","100005"
"15919","10000002","EN20121125018","100003"
"15921","10000003","EN20121125020","100001"
"15936","10000002","EN20121125035","100003"
"15948","10000002","EN20121125046","100003"
"15957","10000002","EN20121125054","100003"
"15994","10000002","EN20121126015","100003"
"16000","10000003","EN20121126021","100001"
"16003","10000002","EN20121126024","100003"
"16020","10000002","EN20121126041","100005"
"16048","10000002","EN20121126071","100003"
"16065","10000003","EN20121126088","100001"
"16068","10000003","EN20121126091","100001"
"16077","10000002","EN20121126100","100003"
"16079","10000003","EN20121126102","100001"
"16104","10000003","EN20121126127","100001"
"16107","10000003","EN20121126130","100001"
"16117","10000002","EN20121126140","100003"
"16121","10000002","EN20121126143","100010"
"16125","10000003","EN20121126147","100001"
"16126","10000003","EN20121126148","100001"
"16127","10000003","EN20121126149","100001"
"16128","10000002","EN20121126150","100003"
"16129","10000003","EN20121126151","100001"
"16132","10000003","EN20121126154","100001"
"16139","10000003","EN20121126161","100001"
"16192","10000002","EN20121126214","100003"
"16204","10000003","EN20121126226","100001"
"16205","10000003","EN20121126227","100001"
"16210","10000003","EN20121126232","100001"
"16214","10000003","EN20121126236","100001"
"16219","10000002","EN20121126241","100003"
"16220","10000002","EN20121126242","100005"
"16224","10000002","EN20121126246","100003"
"16226","10000003","EN20121126248","100001"
"16248","10000003","EN20121126270","100010"
"16258","10000003","EN20121126280","100001"
"16259","10000003","EN20121126281","100001"
"16269","10000003","EN20121126290","100001"
"16276","10000003","EN20121126297","100001"
"16282","10000004","EN20121126303","100001"
"16290","10000003","EN20121126311","100001"
"16292","10000003","EN20121126313","100001"
"16326","10000003","EN20121126348","100001"
"16330","10000002","EN20121126352","100003"
"16346","10000003","EN20121126369","100001"
"16355","10000002","EN20121126379","100003"
"16357","10000002","EN20121126381","100003"
"16374","10000003","EN20121126398","100001"
"16375","10000003","EN20121126399","100001"
"16380","10000003","EN20121126404","100001"
"16382","10000003","EN20121126406","100001"
"16399","10000002","EN20121126423","100003"
"16407","10000003","EN20121126431","100001"
"16417","10000003","EN20121126441","100001"
"16426","10000003","EN20121126450","100001"
"16438","10000003","EN20121126462","100001"
"16457","10000003","EN20121126481","100001"
"16465","10000002","EN20121126489","100003"
"16474","10000002","EN20121126498","100003"
"16511","10000003","EN20121127009","100001"
"16539","10000002","EN20121127037","100003"
"16540","10000002","EN20121127038","100003"
"16557","10000003","EN20121127055","100001"
"16582","10000002","EN20121127081","100003"
"16588","10000003","EN20121127087","100001"
"16604","10000003","EN20121127103","100001"
"16609","10000003","EN20121127108","100001"
"16610","10000003","EN20121127109","100001"
"16632","10000002","EN20121127131","100003"
"16637","10000003","EN20121127136","100001"
"16667","10000002","EN20121127166","100003"
"16680","10000003","EN20121127178","100001"
"16690","10000002","EN20121127188","100003"
"16715","10000003","EN20121127214","100001"
"16716","10000004","EN20121127215","100001"
"16728","10000002","EN20121127227","100003"
"16730","10000003","EN20121127229","100001"
"16732","10000003","EN20121127231","100001"
"16749","10000002","EN20121127248","100003"
"16767","10000002","EN20121127266","100003"
"16772","10000003","EN20121127271","100001"
"16783","10000002","EN20121127282","100005"
"16801","10000003","EN20121127300","100001"
"16807","10000003","EN20121127306","100001"
"16809","10000003","EN20121127308","100001"
"16815","10000003","EN20121127314","100001"
"16828","10000003","EN20121127332","100001"
"16831","10000003","EN20121127335","100001"
"16832","10000003","EN20121127336","100001"
"16849","10000003","EN20121127353","100001"
"16853","10000003","EN20121127357","100001"
"16855","10000003","EN20121127359","100001"
"16934","10000003","EN20121127444","100005"
"16936","10000003","EN20121127446","100001"
"16956","10000003","EN20121127467","100001"
"16965","10000002","EN20121128005","100003"
"16968","10000002","EN20121128008","100003"
"16972","10000003","EN20121128012","100001"
"16975","10000003","EN20121128015","100001"
"16986","10000003","EN20121128026","100001"
"16989","10000002","EN20121128029","100003"
"16992","10000003","EN20121128032","100001"
"16998","10000002","EN20121128038","100003"
"17000","10000002","EN20121128040","100003"
"17030","10000002","EN20121128076","100003"
"17034","10000003","EN20121128080","100001"
"17038","10000003","EN20121128084","100001"
"17048","10000003","EN20121128094","100001"
"17049","10000002","EN20121128095","100003"
"17050","10000002","EN20121128096","100003"
"17052","10000002","EN20121128098","100003"
"17056","10000002","EN20121128102","100003"
"17061","10000002","EN20121128107","100003"
"17062","10000003","EN20121128108","100001"
"17069","10000002","EN20121128116","100003"
"17070","10000003","EN20121128117","100001"
"17072","10000002","EN20121128119","100003"
"17076","10000002","EN20121128123","100003"
"17079","10000003","EN20121128126","100001"
"17081","10000002","EN20121128128","100003"
"17082","10000002","EN20121128129","100003"
"17084","10000002","EN20121128131","100003"
"17088","10000002","EN20121128135","100003"
"17095","10000003","EN20121128142","100001"
"17098","10000003","EN20121128145","100001"
"17110","10000004","EN20121128157","100001"
"17118","10000002","EN20121128165","100003"
"17120","10000003","EN20121128167","100001"
"17130","10000002","EN20121128178","100003"
"17148","10000002","EN20121128197","100003"
"17149","10000003","EN20121128198","100001"
"17151","10000003","EN20121128200","100001"
"17153","10000003","EN20121128202","100001"
"17166","10000003","EN20121128216","100001"
"17189","10000002","EN20121128239","100003"
"17202","10000002","EN20121128252","100003"
"17215","10000002","EN20121128265","100003"
"17221","10000002","EN20121128271","100003"
"17224","10000002","EN20121128274","100003"
"17226","10000002","EN20121128276","100003"
"17230","10000002","EN20121128280","100003"
"17239","10000003","EN20121128289","100001"
"17249","10000002","EN20121128299","100003"
"17255","10000003","EN20121128305","100001"
"17259","10000002","EN20121128309","100003"
"17270","10000003","EN20121128320","100001"
"17272","10000003","EN20121128322","100001"
"17274","10000002","EN20121128324","100003"
"17275","10000002","EN20121128325","100003"
"17287","10000003","EN20121128338","100001"
"17288","10000003","EN20121128339","100001"
"17290","10000002","EN20121128341","100003"
"17298","10000003","EN20121128349","100001"
"17299","10000002","EN20121128350","100004"
"17303","10000002","EN20121128354","100003"
"17304","10000002","EN20121128355","100003"
"17308","10000003","EN20121128359","100001"
"17312","10000003","EN20121128363","100001"
"17318","10000003","EN20121128369","100001"
"17320","10000002","EN20121128371","100003"
"17322","10000002","EN20121128373","100003"
"17329","10000003","EN20121128380","100001"
"17330","10000003","EN20121128381","100001"
"17336","10000002","EN20121128387","100003"
"17358","10000003","EN20121128410","100005"
"17363","10000003","EN20121128414","100001"
"17393","10000003","EN20121129018","100001"
"17397","10000003","EN20121129021","100001"
"17420","10000003","EN20121129044","100001"
"17421","10000003","EN20121129045","100001"
"17425","10000003","EN20121129049","100001"
"17431","10000002","EN20121129055","100003"
"17448","10000003","EN20121129071","100001"
"17454","10000002","EN20121129077","100003"
"17458","10000002","EN20121129081","100003"
"17482","10000002","EN20121129104","100003"
"17508","10000002","EN20121129130","100003"
"17518","10000002","EN20121129140","100003"
"17519","10000002","EN20121129141","100003"
"17527","10000002","EN20121129149","100003"
"17528","10000003","EN20121129150","100001"
"17529","10000002","EN20121129151","100003"
"17530","10000003","EN20121129152","100001"
"17532","10000002","EN20121129154","100003"
"17537","10000002","EN20121129159","100003"
"17539","10000002","EN20121129161","100003"
"17540","10000002","EN20121129162","100003"
"17544","10000002","EN20121129166","100003"
"17545","10000003","EN20121129167","100001"
"17547","10000003","EN20121129168","100001"
"17548","10000002","EN20121129169","100003"
"17552","10000002","EN20121129173","100003"
"17554","10000002","EN20121129175","100003"
"17556","10000003","EN20121129177","100001"
"17558","10000002","EN20121129179","100003"
"17559","10000002","EN20121129180","100003"
"17561","10000002","EN20121129182","100003"
"17565","10000002","EN20121129186","100003"
"17570","10000002","EN20121129191","100003"
"17572","10000002","EN20121129193","100003"
"17573","10000002","EN20121129194","100003"
"17574","10000002","EN20121129195","100003"
"17585","10000003","EN20121129206","100001"
"17597","10000002","EN20121129218","100003"
"17605","10000003","EN20121129227","100001"
"17616","10000003","EN20121129238","100001"
"17631","10000002","EN20121129253","100003"
"17633","10000003","EN20121129255","100001"
"17635","10000002","EN20121129257","100003"
"17638","10000002","EN20121129260","100003"
"17643","10000002","EN20121129265","100003"
"17644","10000002","EN20121129266","100003"
"17648","10000002","EN20121129270","100003"
"17651","10000002","EN20121129273","100003"
"17653","10000002","EN20121129275","100003"
"17657","10000002","EN20121129279","100003"
"17660","10000002","EN20121129282","100003"
"17663","10000003","EN20121129285","100001"
"17667","10000002","EN20121129289","100003"
"17670","10000002","EN20121129292","100003"
"17672","10000002","EN20121129294","100003"
"17679","10000002","EN20121129302","100003"
"17683","10000003","EN20121129306","100001"
"17699","10000002","EN20121129322","100005"
"17709","10000003","EN20121129332","100001"
"17712","10000003","EN20121129335","100001"
"17713","10000002","EN20121129336","100003"
"17714","10000002","EN20121129337","100003"
"17720","10000002","EN20121129343","100003"
"17726","10000002","EN20121129349","100003"
"17731","10000002","EN20121129354","100003"
"17734","10000002","EN20121130001","100003"
"17735","10000002","EN20121130002","100003"
"17737","10000002","EN20121130004","100003"
"17739","10000002","EN20121130005","100003"
"17740","10000002","EN20121130006","100003"
"17750","10000002","EN20121130016","100003"
"17751","10000002","EN20121130017","100003"
"17753","10000002","EN20121130019","100003"
"17754","10000002","EN20121130020","100003"
"17756","10000002","EN20121130022","100003"
"17757","10000002","EN20121130023","100003"
"17758","10000002","EN20121130024","100003"
"17759","10000002","EN20121130025","100003"
"17760","10000003","EN20121130026","100001"
"17761","10000002","EN20121130027","100003"
"17762","10000002","EN20121130028","100003"
"17766","10000003","EN20121130032","100001"
"17774","10000002","EN20121130041","100003"
"17775","10000002","EN20121130042","100003"
"17776","10000002","EN20121130043","100003"
"17780","10000002","EN20121130047","100003"
"17784","10000003","EN20121130051","100001"
"17785","10000002","EN20121130052","100003"
"17787","10000002","EN20121130054","100003"
"17789","10000002","EN20121130056","100003"
"17792","10000002","EN20121130059","100003"
"17794","10000003","EN20121130061","100001"
"17795","10000002","EN20121130063","100003"
"17798","10000002","EN20121130066","100003"
"17805","10000003","EN20121130073","100001"
"17811","10000002","EN20121130079","100003"
"17813","10000003","EN20121130081","100001"
"17817","10000003","EN20121130085","100001"
"17831","10000003","EN20121130099","100001"
"17832","10000002","EN20121130100","100003"
"17843","10000003","EN20121130111","100001"
"17855","10000002","EN20121130123","100003"
"17863","10000002","EN20121130131","100003"
"17864","10000002","EN20121130132","100003"
"17866","10000002","EN20121130134","100003"
"17867","10000002","EN20121130135","100003"
"17868","10000002","EN20121130136","100003"
"17869","10000003","EN20121130137","100001"
"17870","10000002","EN20121130138","100003"
"17871","10000002","EN20121130139","100003"
"17872","10000002","EN20121130140","100003"
"17873","10000003","EN20121130141","100001"
"17876","10000002","EN20121130144","100003"
"17877","10000003","EN20121130145","100001"
"17879","10000002","EN20121130147","100003"
"17885","10000003","EN20121130153","100001"
"17886","10000002","EN20121130154","100003"
"17887","10000002","EN20121130155","100003"
"17890","10000003","EN20121130158","100001"
"17893","10000002","EN20121130161","100003"
"17900","10000002","EN20121130168","100003"
"17904","10000002","EN20121130172","100003"
"17905","10000003","EN20121130173","100001"
"17914","10000003","EN20121130182","100001"
"17918","10000002","EN20121130187","100003"
"17920","10000002","EN20121130189","100003"
"17924","10000002","EN20121130193","100003"
"17932","10000002","EN20121130201","100003"
"17933","10000002","EN20121130202","100003"
"17934","10000003","EN20121130203","100001"
"17936","10000002","EN20121130205","100003"
"17937","10000003","EN20121130206","100001"
"17938","10000002","EN20121130207","100003"
"17944","10000002","EN20121130213","100003"
"17945","10000002","EN20121130214","100003"
"17946","10000002","EN20121130215","100003"
"17948","10000002","EN20121130217","100003"
"17949","10000003","EN20121130218","100001"
"17952","10000003","EN20121130221","100001"
"17954","10000002","EN20121130223","100003"
"17956","10000002","EN20121130225","100003"
"17957","10000003","EN20121130226","100001"
"17960","10000002","EN20121130229","100003"
"17978","10000002","EN20121130247","100003"
"17979","10000002","EN20121130248","100003"
"17987","10000002","EN20121130256","100003"
"17996","10000003","EN20121130266","100001"
"18014","10000002","EN20121130284","100003"
"18034","10000003","EN20121130304","100001"
"18042","10000003","EN20121130312","100001"
"18052","10000003","EN20121130322","100001"
"18055","10000003","EN20121130325","100001"
