"5","10000003","EN20120401005","100001"
"15","10000003","EN20120401015","100001"
"18","10000003","EN20120401018","100001"
"27","10000003","EN20120401028","100001"
"28","10000003","EN20120401029","100001"
"29","10000003","EN20120401030","100001"
"41","10000003","EN20120401042","100001"
"65","10000002","EN20120401066","100003"
"73","10000003","EN20120401073","100001"
"79","10000003","EN20120401079","100001"
"87","10000003","EN20120401087","100001"
"88","10000003","EN20120401088","100001"
"93","10000003","EN20120401093","100001"
"97","10000003","EN20120401098","100001"
"100","10000003","EN20120401101","100001"
"143","10000002","EN20120401146","100010"
"155","10000003","EN20120401158","100001"
"156","10000003","EN20120401159","100001"
"157","10000003","EN20120401160","100001"
"163","10000003","EN20120401166","100001"
"169","10000002","EN20120401172","100003"
"182","10000003","EN20120401185","100001"
"184","10000003","EN20120401187","100001"
"198","10000003","EN20120401201","100001"
"209","10000003","EN20120401212","100001"
"215","10000003","EN20120401218","100001"
"217","10000003","EN20120401220","100001"
"235","10000003","EN20120401238","100001"
"244","10000003","EN20120401247","100001"
"246","10000003","EN20120401249","100001"
"259","10000003","EN20120401263","100001"
"279","10000002","EN20120401284","100003"
"323","10000003","EN20120402006","100001"
"340","10000002","EN20120402023","100003"
"341","10000002","EN20120402024","100003"
"345","10000003","EN20120402028","100001"
"349","10000003","EN20120402032","100001"
"372","10000003","EN20120404001","100001"
"376","10000003","EN20120404005","100001"
"380","10000003","EN20120405003","100001"
"386","10000003","EN20120405009","100001"
"390","10000003","EN20120405013","100001"
"395","10000003","EN20120405018","100001"
"411","10000003","EN20120405034","100001"
"418","10000003","EN20120405041","100001"
"419","10000003","EN20120405042","100001"
"421","10000003","EN20120405044","100001"
"439","10000003","EN20120405063","100001"
"446","10000003","EN20120405070","100001"
"452","10000003","EN20120405076","100001"
"459","10000003","EN20120405083","100001"
"464","10000003","EN20120405088","100001"
"479","10000003","EN20120405103","100001"
"480","10000003","EN20120405104","100001"
"482","10000003","EN20120405106","100001"
"485","10000003","EN20120405109","100001"
"491","10000003","EN20120405115","100001"
"506","10000003","EN20120405132","100001"
"524","10000003","EN20120405150","100001"
"543","10000003","EN20120405169","100001"
"551","10000003","EN20120405178","100001"
"556","10000003","EN20120405183","100001"
"582","10000003","EN20120405210","100001"
"585","10000003","EN20120405213","100001"
"588","10000003","EN20120405216","100001"
"589","10000003","EN20120405217","100001"
"592","10000003","EN20120405221","100001"
"607","10000003","EN20120405237","100001"
"610","10000003","EN20120405240","100001"
"614","10000003","EN20120405244","100001"
"651","10000003","EN20120405281","100001"
"682","10000003","EN20120405313","100001"
"683","10000003","EN20120405314","100001"
"687","10000003","EN20120406004","100001"
"689","10000003","EN20120406006","100001"
"691","10000003","EN20120406008","100001"
"695","10000003","EN20120406013","100001"
"701","10000003","EN20120406019","100001"
"704","10000003","EN20120406022","100001"
"707","10000003","EN20120406025","100001"
"712","10000003","EN20120406030","100001"
"715","10000003","EN20120406033","100001"
"732","10000003","EN20120406051","100001"
"737","10000003","EN20120406056","100001"
"739","10000003","EN20120406058","100001"
"746","10000003","EN20120406065","100001"
"747","10000003","EN20120406066","100001"
"757","10000003","EN20120406076","100001"
"758","10000003","EN20120406077","100001"
"759","10000003","EN20120406078","100001"
"777","10000003","EN20120406096","100001"
"779","10000003","EN20120406098","100001"
"830","10000003","EN20120406150","100001"
"841","10000003","EN20120406161","100001"
"851","10000003","EN20120406171","100001"
"856","10000003","EN20120406176","100001"
"872","10000003","EN20120406192","100001"
"910","10000003","EN20120406231","100001"
"921","10000003","EN20120406242","100001"
"932","10000003","EN20120406253","100001"
"935","10000003","EN20120406256","100001"
"972","10000003","EN20120406293","100001"
"1001","10000003","EN20120406324","100001"
"1011","10000003","EN20120406334","100001"
"1031","10000003","EN20120407005","100001"
"1038","10000003","EN20120407012","100001"
"1045","10000003","EN20120408005","100001"
"1058","10000003","EN20120408018","100001"
"1061","10000003","EN20120408021","100001"
"1066","10000003","EN20120409004","100001"
"1074","10000003","EN20120409012","100001"
"1087","10000003","EN20120409025","100001"
"1094","10000002","EN20120409032","100010"
"1100","10000003","EN20120409038","100001"
"1125","10000003","EN20120409064","100001"
"1128","10000003","EN20120409067","100001"
"1129","10000003","EN20120409068","100001"
"1132","10000003","EN20120409071","100001"
"1137","10000003","EN20120409076","100001"
"1145","10000003","EN20120409085","100001"
"1150","10000003","EN20120409090","100001"
"1158","10000003","EN20120409098","100001"
"1171","10000003","EN20120409112","100001"
"1180","10000003","EN20120409121","100001"
"1182","10000003","EN20120409123","100001"
"1189","10000003","EN20120409130","100001"
"1200","10000003","EN20120409141","100001"
"1205","10000002","EN20120409146","100003"
"1214","10000003","EN20120409155","100001"
"1215","10000003","EN20120409156","100001"
"1227","10000003","EN20120409168","100001"
"1266","10000003","EN20120409207","100001"
"1278","10000003","EN20120409219","100001"
"1281","10000003","EN20120409222","100001"
"1282","10000003","EN20120409223","100001"
"1295","10000003","EN20120409236","100001"
"1298","10000003","EN20120409239","100001"
"1299","10000003","EN20120409240","100001"
"1349","10000003","EN20120409290","100001"
"1355","10000003","EN20120409296","100001"
"1356","10000003","EN20120409297","100001"
"1357","10000003","EN20120409298","100001"
"1358","10000003","EN20120409299","100001"
"1359","10000003","EN20120409300","100001"
"1365","10000003","EN20120410006","100001"
"1370","10000003","EN20120410011","100001"
"1380","10000002","EN20120410021","100010"
"1384","10000003","EN20120410026","100001"
"1385","10000003","EN20120410027","100001"
"1405","10000003","EN20120410047","100001"
"1415","10000003","EN20120410057","100001"
"1420","10000002","EN20120410062","100003"
"1424","10000003","EN20120410066","100001"
"1425","10000003","EN20120410067","100001"
"1427","10000003","EN20120410069","100001"
"1431","10000003","EN20120410073","100001"
"1432","10000003","EN20120410074","100001"
"1437","10000003","EN20120410079","100001"
"1452","10000002","EN20120410094","100003"
"1456","10000003","EN20120410097","100001"
"1459","10000003","EN20120410101","100001"
"1470","10000003","EN20120410113","100001"
"1477","10000003","EN20120410120","100001"
"1480","10000003","EN20120410123","100001"
"1482","10000003","EN20120410125","100001"
"1488","10000003","EN20120410131","100001"
"1490","10000003","EN20120410133","100001"
"1509","10000003","EN20120410152","100001"
"1518","10000003","EN20120410161","100001"
"1524","10000003","EN20120410167","100001"
"1535","10000003","EN20120410178","100001"
"1539","10000003","EN20120410182","100001"
"1559","10000003","EN20120410202","100001"
"1562","10000003","EN20120410205","100001"
"1566","10000003","EN20120410209","100001"
"1583","10000003","EN20120410226","100001"
"1586","10000002","EN20120410229","100004"
"1612","10000003","EN20120410256","100001"
"1620","10000003","EN20120410264","100001"
"1635","10000003","EN20120410278","100001"
"1638","10000003","EN20120410281","100001"
"1642","10000003","EN20120410285","100001"
"1651","10000003","EN20120410295","100001"
"1655","10000003","EN20120410299","100001"
"1663","10000003","EN20120410307","100001"
"1676","10000003","EN20120410320","100001"
"1683","10000003","EN20120411007","100001"
"1685","10000003","EN20120411009","100001"
"1698","10000003","EN20120411022","100001"
"1712","10000003","EN20120411036","100001"
"1725","10000003","EN20120411049","100001"
"1727","10000003","EN20120411051","100001"
"1745","10000003","EN20120411069","100001"
"1746","10000003","EN20120411070","100001"
"1748","10000002","EN20120411072","100003"
"1756","10000002","EN20120411080","100003"
"1761","10000003","EN20120411085","100001"
"1780","10000003","EN20120411104","100001"
"1785","10000003","EN20120411109","100001"
"1792","10000003","EN20120411116","100001"
"1807","10000003","EN20120411131","100001"
"1818","10000003","EN20120411142","100001"
"1819","10000003","EN20120411143","100001"
"1825","10000003","EN20120411149","100001"
"1858","10000003","EN20120411182","100001"
"1882","10000003","EN20120411206","100001"
"1906","10000003","EN20120411230","100001"
"1907","10000003","EN20120411231","100001"
"1919","10000003","EN20120412003","100001"
"1947","10000003","EN20120412031","100001"
"1955","10000003","EN20120412039","100001"
"1969","10000003","EN20120412053","100001"
"1981","10000003","EN20120412065","100001"
"1989","10000003","EN20120412073","100001"
"1990","10000003","EN20120412074","100001"
"1992","10000003","EN20120412076","100001"
"1993","10000002","EN20120412077","100003"
"1995","10000003","EN20120412079","100001"
"1997","10000003","EN20120412081","100001"
"2010","10000003","EN20120412094","100001"
"2012","10000003","EN20120412096","100001"
"2018","10000003","EN20120412104","100010"
"2028","10000003","EN20120412114","100001"
"2059","10000003","EN20120412145","100001"
"2070","10000003","EN20120412156","100001"
"2081","10000003","EN20120412167","100001"
"2104","10000003","EN20120412190","100001"
"2114","10000003","EN20120412200","100001"
"2134","10000003","EN20120412220","100001"
"2148","10000003","EN20120412234","100001"
"2157","10000003","EN20120412243","100001"
"2195","10000003","EN20120412281","100001"
"2212","10000003","EN20120413003","100001"
"2216","10000003","EN20120413007","100001"
"2217","10000003","EN20120413008","100001"
"2231","10000003","EN20120413022","100001"
"2247","10000003","EN20120413038","100001"
"2263","10000002","EN20120413054","100003"
"2285","10000003","EN20120413075","100001"
"2298","10000003","EN20120413088","100001"
"2311","10000003","EN20120413101","100001"
"2312","10000003","EN20120413102","100001"
"2314","10000003","EN20120413104","100001"
"2318","10000003","EN20120413108","100001"
"2319","10000003","EN20120413109","100001"
"2340","10000003","EN20120413130","100001"
"2345","10000003","EN20120413135","100001"
"2351","10000003","EN20120413141","100001"
"2358","10000003","EN20120413148","100001"
"2375","10000003","EN20120413165","100001"
"2380","10000003","EN20120413170","100001"
"2382","10000003","EN20120413172","100001"
"2409","10000003","EN20120413199","100010"
"2413","10000003","EN20120413203","100010"
"2420","10000003","EN20120413210","100001"
"2427","10000003","EN20120413217","100001"
"2434","10000003","EN20120413228","100001"
"2436","10000003","EN20120413233","100010"
"2474","10000002","EN20120413283","100004"
"2491","10000003","EN20120414008","100001"
"2504","10000002","EN20120415002","100003"
"2505","10000002","EN20120415003","100003"
"2525","10000003","EN20120416009","100001"
"2540","10000003","EN20120416024","100001"
"2541","10000003","EN20120416025","100001"
"2542","10000003","EN20120416026","100001"
"2543","10000003","EN20120416027","100001"
"2559","10000003","EN20120416043","100001"
"2565","10000003","EN20120416049","100001"
"2578","10000003","EN20120416062","100001"
"2584","10000003","EN20120416068","100001"
"2589","10000003","EN20120416073","100001"
"2609","10000003","EN20120416094","100001"
"2629","10000003","EN20120416114","100001"
"2633","10000003","EN20120416118","100001"
"2634","10000002","EN20120416119","100003"
"2644","10000003","EN20120416128","100001"
"2652","10000003","EN20120416136","100001"
"2681","10000003","EN20120416166","100001"
"2684","10000003","EN20120416169","100001"
"2688","10000003","EN20120416173","100001"
"2689","10000003","EN20120416174","100001"
"2690","10000003","EN20120416175","100001"
"2705","10000003","EN20120416190","100001"
"2712","10000003","EN20120416197","100001"
"2722","10000003","EN20120416207","100001"
"2728","10000003","EN20120416213","100001"
"2764","10000003","EN20120416249","100001"
"2793","10000003","EN20120417020","100001"
"2798","10000003","EN20120417025","100001"
"2811","10000003","EN20120417038","100001"
"2823","10000003","EN20120417050","100001"
"2825","10000003","EN20120417052","100001"
"2826","10000003","EN20120417053","100001"
"2843","10000003","EN20120417070","100001"
"2853","10000003","EN20120417080","100001"
"2869","10000003","EN20120417096","100001"
"2895","10000003","EN20120417122","100001"
"2898","10000002","EN20120417125","100003"
"2915","10000003","EN20120417141","100001"
"2925","10000003","EN20120417151","100001"
"2936","10000003","EN20120417162","100001"
"2937","10000003","EN20120417163","100001"
"2965","10000003","EN20120417191","100001"
"2981","10000004","EN20120417207","100003"
"2992","10000003","EN20120417218","100001"
"2994","10000003","EN20120417220","100001"
"2995","10000002","EN20120417221","100003"
"2997","10000003","EN20120417222","100001"
"3009","10000003","EN20120417234","100001"
"3010","10000002","EN20120417235","100003"
"3014","10000003","EN20120417239","100001"
"3028","10000003","EN20120417253","100001"
"3033","10000003","EN20120417258","100001"
"3034","10000003","EN20120417259","100001"
"3061","10000003","EN20120418007","100001"
"3079","10000003","EN20120418025","100001"
"3080","10000003","EN20120418026","100001"
"3082","10000003","EN20120418028","100001"
"3112","10000003","EN20120418059","100001"
"3114","10000003","EN20120418061","100001"
"3122","10000003","EN20120418069","100001"
"3124","10000003","EN20120418072","100001"
"3149","10000003","EN20120418097","100001"
"3157","10000003","EN20120418105","100001"
"3182","10000003","EN20120418129","100001"
"3192","10000003","EN20120418139","100001"
"3194","10000003","EN20120418141","100001"
"3220","10000003","EN20120418167","100001"
"3230","10000003","EN20120418178","100001"
"3241","10000003","EN20120418189","100001"
"3242","10000002","EN20120418190","100003"
"3294","10000003","EN20120418241","100001"
"3295","10000003","EN20120418242","100001"
"3308","10000003","EN20120418256","100001"
"3321","10000003","EN20120419002","100001"
"3359","10000002","EN20120419040","100003"
"3390","10000003","EN20120419070","100001"
"3399","10000003","EN20120419080","100001"
"3405","10000003","EN20120419086","100001"
"3417","10000003","EN20120419098","100001"
"3436","10000003","EN20120419117","100001"
"3441","10000003","EN20120419122","100001"
"3457","10000003","EN20120419138","100001"
"3470","10000003","EN20120419153","100001"
"3476","10000003","EN20120419159","100001"
"3524","10000003","EN20120419209","100001"
"3536","10000003","EN20120419221","100001"
"3539","10000003","EN20120419224","100001"
"3559","10000003","EN20120419245","100001"
"3565","10000003","EN20120419251","100001"
"3570","10000003","EN20120419256","100001"
"3576","10000003","EN20120419262","100001"
"3606","10000003","EN20120420007","100001"
"3620","10000003","EN20120420021","100001"
"3629","10000003","EN20120420030","100001"
"3630","10000003","EN20120420031","100001"
"3632","10000003","EN20120420033","100001"
"3633","10000003","EN20120420034","100001"
"3640","10000003","EN20120420041","100001"
"3649","10000003","EN20120420050","100001"
"3670","10000003","EN20120420071","100001"
"3681","10000003","EN20120420082","100001"
"3684","10000003","EN20120420087","100001"
"3700","10000003","EN20120420103","100001"
"3713","10000003","EN20120420116","100001"
"3736","10000003","EN20120420140","100001"
"3745","10000003","EN20120420149","100001"
"3764","10000003","EN20120420168","100001"
"3770","10000002","EN20120420174","100003"
"3773","10000003","EN20120420177","100001"
"3779","10000003","EN20120420183","100001"
"3802","10000003","EN20120420206","100001"
"3806","10000003","EN20120420210","100001"
"3807","10000003","EN20120420211","100001"
"3814","10000003","EN20120420218","100001"
"3833","10000003","EN20120420237","100001"
"3841","10000003","EN20120420245","100001"
"3864","10000003","EN20120420268","100001"
"3875","10000002","EN20120420279","100003"
"3902","10000003","EN20120420306","100001"
"3904","10000003","EN20120420308","100001"
"3909","10000003","EN20120420313","100001"
"3920","10000003","EN20120420324","100001"
"3932","10000003","EN20120420336","100001"
"3942","10000003","EN20120420346","100001"
"3950","10000003","EN20120421001","100001"
"3952","10000003","EN20120421003","100001"
"3953","10000003","EN20120421004","100001"
"3957","10000003","EN20120421009","100001"
"3971","10000003","EN20120422002","100001"
"3997","10000003","EN20120422029","100001"
"4007","10000003","EN20120423010","100001"
"4008","10000003","EN20120423011","100001"
"4016","10000003","EN20120423019","100001"
"4029","10000003","EN20120423032","100001"
"4036","10000003","EN20120423039","100001"
"4038","10000003","EN20120423041","100001"
"4045","10000003","EN20120423048","100001"
"4062","10000002","EN20120423065","100010"
"4068","10000003","EN20120423071","100001"
"4070","10000003","EN20120423073","100001"
"4092","10000003","EN20120423095","100001"
"4115","10000003","EN20120423118","100001"
"4143","10000003","EN20120423146","100001"
"4146","10000003","EN20120423149","100001"
"4154","10000003","EN20120423157","100001"
"4156","10000003","EN20120423159","100001"
"4160","10000003","EN20120423163","100001"
"4172","10000003","EN20120423175","100001"
"4181","10000003","EN20120423184","100001"
"4188","10000003","EN20120423191","100001"
"4190","10000003","EN20120423193","100001"
"4193","10000003","EN20120423196","100001"
"4217","10000003","EN20120423220","100001"
"4226","10000003","EN20120423230","100001"
"4247","10000002","EN20120423252","100003"
"4248","10000003","EN20120423253","100001"
"4250","10000003","EN20120423255","100001"
"4254","10000003","EN20120423260","100001"
"4259","10000003","EN20120423265","100001"
"4260","10000003","EN20120423266","100001"
"4261","10000003","EN20120423267","100001"
"4276","10000003","EN20120423282","100001"
"4282","10000003","EN20120423288","100001"
"4318","10000003","EN20120424002","100001"
"4321","10000003","EN20120424005","100001"
"4322","10000003","EN20120424006","100001"
"4334","10000003","EN20120424018","100001"
"4339","10000003","EN20120424023","100001"
"4362","10000003","EN20120424046","100001"
"4370","10000003","EN20120424054","100001"
"4376","10000003","EN20120424060","100001"
"4381","10000003","EN20120424065","100001"
"4409","10000002","EN20120424093","100003"
"4421","10000003","EN20120424104","100001"
"4423","10000003","EN20120424106","100001"
"4436","10000003","EN20120424119","100001"
"4440","10000003","EN20120424123","100001"
"4444","10000002","EN20120424127","100004"
"4447","10000003","EN20120424130","100001"
"4479","10000003","EN20120424163","100001"
"4484","10000003","EN20120424168","100001"
"4486","10000003","EN20120424170","100001"
"4490","10000003","EN20120424174","100001"
"4493","10000003","EN20120424178","100001"
"4494","10000003","EN20120424179","100001"
"4504","10000003","EN20120424189","100001"
"4505","10000003","EN20120424190","100001"
"4507","10000003","EN20120424191","100001"
"4509","10000003","EN20120424193","100001"
"4512","10000003","EN20120424195","100001"
"4515","10000003","EN20120424198","100001"
"4517","10000003","EN20120424200","100001"
"4531","10000003","EN20120424214","100001"
"4533","10000003","EN20120424216","100001"
"4543","10000003","EN20120424226","100001"
"4560","10000003","EN20120424243","100001"
"4565","10000003","EN20120424248","100001"
"4579","10000003","EN20120424262","100001"
"4581","10000003","EN20120424264","100001"
"4586","10000003","EN20120424269","100001"
"4592","10000003","EN20120424275","100001"
"4606","10000003","EN20120424289","100001"
"4614","10000003","EN20120424297","100001"
"4637","10000003","EN20120424320","100001"
"4659","10000003","EN20120425010","100001"
"4668","10000003","EN20120425019","100001"
"4669","10000003","EN20120425020","100001"
"4673","10000003","EN20120425024","100001"
"4684","10000003","EN20120425035","100001"
"4689","10000003","EN20120425040","100001"
"4710","10000003","EN20120425061","100001"
"4711","10000003","EN20120425062","100001"
"4721","10000003","EN20120425072","100001"
"4724","10000003","EN20120425075","100001"
"4732","10000003","EN20120425083","100001"
"4779","10000003","EN20120425130","100001"
"4792","10000003","EN20120425143","100001"
"4798","10000003","EN20120425149","100001"
"4814","10000003","EN20120425165","100001"
"4816","10000003","EN20120425167","100001"
"4832","10000003","EN20120425183","100001"
"4891","10000003","EN20120425242","100001"
"4900","10000003","EN20120425251","100001"
"4923","10000003","EN20120425274","100001"
"4928","10000003","EN20120425279","100001"
"4930","10000003","EN20120425281","100001"
"4934","10000003","EN20120425285","100001"
"4941","10000003","EN20120425292","100001"
"4943","10000003","EN20120425294","100001"
"4952","10000003","EN20120425302","100001"
"4980","10000003","EN20120425330","100001"
"4985","10000003","EN20120425335","100001"
"4996","10000002","EN20120425346","100003"
"5022","10000003","EN20120426027","100001"
"5029","10000002","EN20120426034","100003"
"5033","10000003","EN20120426038","100001"
"5038","10000003","EN20120426043","100001"
"5039","10000003","EN20120426044","100001"
"5066","10000003","EN20120426071","100001"
"5067","10000003","EN20120426072","100001"
"5068","10000003","EN20120426073","100001"
"5075","10000003","EN20120426080","100001"
"5078","10000003","EN20120426083","100001"
"5079","10000003","EN20120426084","100001"
"5082","10000003","EN20120426087","100001"
"5089","10000003","EN20120426094","100001"
"5096","10000003","EN20120426101","100001"
"5097","10000003","EN20120426102","100001"
"5098","10000003","EN20120426103","100001"
"5111","10000003","EN20120426116","100001"
"5115","10000003","EN20120426120","100001"
"5119","10000003","EN20120426124","100001"
"5141","10000003","EN20120426146","100001"
"5142","10000003","EN20120426147","100001"
"5146","10000003","EN20120426151","100001"
"5150","10000003","EN20120426155","100001"
"5153","10000003","EN20120426158","100001"
"5154","10000003","EN20120426159","100001"
"5166","10000003","EN20120426171","100001"
"5174","10000003","EN20120426179","100001"
"5176","10000003","EN20120426181","100001"
"5177","10000003","EN20120426182","100001"
"5182","10000003","EN20120426187","100001"
"5195","10000003","EN20120426200","100001"
"5198","10000003","EN20120426203","100001"
"5201","10000003","EN20120426206","100001"
"5204","10000003","EN20120426209","100001"
"5212","10000003","EN20120426217","100001"
"5215","10000003","EN20120426220","100001"
"5216","10000003","EN20120426221","100001"
"5222","10000003","EN20120426228","100001"
"5227","10000003","EN20120426233","100001"
"5230","10000003","EN20120426236","100001"
"5231","10000003","EN20120426237","100001"
"5233","10000003","EN20120426239","100001"
"5234","10000003","EN20120426240","100001"
"5238","10000003","EN20120426244","100001"
"5241","10000003","EN20120426247","100001"
"5253","10000003","EN20120426259","100001"
"5256","10000003","EN20120426262","100001"
"5259","10000003","EN20120426265","100001"
"5265","10000003","EN20120426271","100001"
"5267","10000003","EN20120426273","100001"
"5272","10000003","EN20120426278","100001"
"5287","10000003","EN20120426293","100001"
"5293","10000003","EN20120426299","100001"
"5294","10000003","EN20120426300","100001"
"5298","10000003","EN20120426304","100001"
"5304","10000003","EN20120426310","100001"
"5307","10000003","EN20120426312","100001"
"5311","10000003","EN20120426316","100001"
"5312","10000003","EN20120426317","100001"
"5328","10000003","EN20120426333","100001"
"5330","10000003","EN20120426335","100001"
"5331","10000003","EN20120427001","100001"
"5339","10000003","EN20120427010","100001"
"5342","10000003","EN20120427013","100001"
"5343","10000003","EN20120427014","100001"
"5345","10000003","EN20120427016","100001"
"5346","10000003","EN20120427017","100001"
"5349","10000003","EN20120427020","100001"
"5358","10000003","EN20120427029","100001"
"5359","10000003","EN20120427030","100001"
"5362","10000003","EN20120427033","100001"
"5372","10000003","EN20120427043","100001"
"5374","10000003","EN20120427045","100001"
"5376","10000003","EN20120427047","100001"
"5379","10000003","EN20120427051","100001"
"5380","10000003","EN20120427052","100001"
"5385","10000003","EN20120427057","100001"
"5389","10000003","EN20120427061","100001"
"5392","10000003","EN20120427064","100001"
"5393","10000003","EN20120427065","100001"
"5402","10000003","EN20120427074","100001"
"5403","10000003","EN20120427075","100001"
"5409","10000003","EN20120427081","100001"
"5418","10000003","EN20120427091","100001"
"5420","10000003","EN20120427093","100001"
"5429","10000003","EN20120427102","100001"
"5430","10000003","EN20120427103","100001"
"5431","10000003","EN20120427104","100001"
"5453","10000003","EN20120427127","100001"
"5458","10000003","EN20120427132","100001"
"5462","10000003","EN20120427136","100001"
"5468","10000003","EN20120427142","100001"
"5475","10000003","EN20120427149","100001"
"5477","10000003","EN20120427151","100001"
"5492","10000003","EN20120427166","100001"
"5501","10000003","EN20120427175","100001"
"5506","10000003","EN20120427180","100001"
"5511","10000003","EN20120427185","100001"
"5512","10000003","EN20120427186","100001"
"5530","10000003","EN20120427204","100001"
"5538","10000003","EN20120427212","100001"
"5549","10000002","EN20120427223","100004"
"5554","10000003","EN20120427228","100001"
"5571","10000003","EN20120427245","100001"
"5575","10000003","EN20120427249","100001"
"5596","10000003","EN20120427271","100001"
"5610","10000003","EN20120427285","100001"
"5627","10000003","EN20120427301","100001"
"5630","10000003","EN20120427304","100001"
"5638","10000003","EN20120427312","100001"
"5644","10000003","EN20120427318","100001"
"5645","10000003","EN20120427319","100001"
"5649","10000003","EN20120427323","100001"
"5702","10000003","EN20120428040","100001"
"5738","10000003","EN20120428076","100001"
"5753","10000003","EN20120428091","100001"
"5757","10000003","EN20120428095","100001"
"5776","10000003","EN20120428114","100001"
"5779","10000003","EN20120428117","100001"
"5780","10000003","EN20120428118","100001"
"5801","10000003","EN20120428139","100001"
"5803","10000003","EN20120428141","100001"
"5804","10000003","EN20120428142","100001"
"5806","10000003","EN20120428144","100001"
"5824","10000003","EN20120428162","100001"
"5827","10000003","EN20120428165","100001"
"5830","10000003","EN20120428168","100001"
"5863","10000003","EN20120428201","100001"
"5870","10000002","EN20120428208","100003"
"5875","10000003","EN20120428212","100001"
"5894","10000003","EN20120428231","100001"
"5899","10000003","EN20120428236","100001"
"5900","10000003","EN20120428237","100001"
"5927","10000003","EN20120428264","100001"
"5945","10000003","EN20120428283","100001"
"5976","10000003","EN20120428315","100001"
"5990","10000003","EN20120428329","100001"
"6036","10000002","EN20120430004","100003"
"6043","10000003","EN20120430010","100001"
"6066","10000002","EN20120501009","100010"
"6073","10000003","EN20120501016","100001"
"6093","10000003","EN20120501035","100001"
"6114","10000003","EN20120502005","100001"
"6117","10000003","EN20120502008","100001"
"6118","10000003","EN20120502009","100001"
"6120","10000003","EN20120502011","100001"
"6121","10000003","EN20120502012","100001"
"6122","10000003","EN20120502013","100001"
"6129","10000003","EN20120502020","100001"
"6132","10000003","EN20120502023","100001"
"6133","10000003","EN20120502024","100001"
"6135","10000003","EN20120502026","100001"
"6143","10000003","EN20120502034","100001"
"6150","10000003","EN20120502042","100001"
"6151","10000003","EN20120502043","100001"
"6153","10000003","EN20120502045","100001"
"6155","10000003","EN20120502048","100001"
"6162","10000003","EN20120502055","100001"
"6168","10000003","EN20120502061","100001"
"6183","10000003","EN20120502076","100001"
"6184","10000002","EN20120502077","100003"
"6195","10000002","EN20120502087","100003"
"6197","10000003","EN20120502089","100001"
"6200","10000003","EN20120502092","100001"
"6209","10000003","EN20120502101","100001"
"6214","10000003","EN20120502106","100001"
"6215","10000003","EN20120502107","100001"
"6243","10000003","EN20120502134","100001"
"6244","10000003","EN20120502135","100001"
"6260","10000003","EN20120502153","100001"
"6271","10000002","EN20120502164","100004"
"6275","10000003","EN20120502169","100001"
"6278","10000003","EN20120502172","100001"
"6286","10000003","EN20120502180","100001"
"6289","10000003","EN20120502183","100001"
"6291","10000003","EN20120502185","100001"
"6298","10000003","EN20120502192","100001"
"6306","10000003","EN20120502200","100001"
"6311","10000003","EN20120502205","100001"
"6321","10000003","EN20120502215","100001"
"6322","10000003","EN20120502216","100001"
"6358","10000003","EN20120502252","100001"
"6364","10000003","EN20120502258","100001"
"6377","10000003","EN20120502271","100001"
"6381","10000003","EN20120502275","100001"
"6395","10000003","EN20120502289","100001"
"6399","10000003","EN20120502293","100001"
"6400","10000003","EN20120502294","100001"
"6409","10000003","EN20120502303","100001"
"6411","10000003","EN20120502305","100001"
"6431","10000003","EN20120502326","100001"
"6435","10000003","EN20120502330","100001"
"6454","10000003","EN20120502350","100001"
"6455","10000003","EN20120502351","100001"
"6479","10000003","EN20120503021","100001"
"6480","10000003","EN20120503022","100001"
"6485","10000003","EN20120503027","100001"
"6490","10000003","EN20120503032","100001"
"6491","10000003","EN20120503033","100001"
"6492","10000003","EN20120503034","100001"
"6496","10000003","EN20120503038","100001"
"6508","10000003","EN20120503050","100001"
"6511","10000003","EN20120503053","100001"
"6528","10000003","EN20120503070","100001"
"6532","10000003","EN20120503074","100001"
"6538","10000002","EN20120503080","100003"
"6542","10000003","EN20120503082","100001"
"6554","10000003","EN20120503094","100001"
"6568","10000003","EN20120503108","100001"
"6572","10000003","EN20120503112","100001"
"6574","10000003","EN20120503115","100001"
"6591","10000003","EN20120503133","100001"
"6601","10000003","EN20120503143","100001"
"6606","10000003","EN20120503148","100001"
"6622","10000003","EN20120503164","100001"
"6624","10000003","EN20120503167","100001"
"6626","10000003","EN20120503169","100001"
"6628","10000003","EN20120503171","100001"
"6629","10000003","EN20120503172","100001"
"6645","10000003","EN20120503188","100001"
"6646","10000003","EN20120503189","100001"
"6648","10000003","EN20120503191","100001"
"6650","10000003","EN20120503193","100001"
"6662","10000003","EN20120503205","100001"
"6670","10000003","EN20120503213","100001"
"6671","10000003","EN20120503214","100001"
"6680","10000003","EN20120503223","100001"
"6708","10000003","EN20120503251","100001"
"6729","10000003","EN20120503272","100001"
"6731","10000003","EN20120503274","100001"
"6755","10000003","EN20120503298","100001"
"6758","10000003","EN20120503301","100001"
"6764","10000003","EN20120503307","100001"
"6778","10000003","EN20120503321","100001"
"6807","10000003","EN20120504018","100001"
"6835","10000003","EN20120504048","100001"
"6844","10000003","EN20120504057","100001"
"6848","10000003","EN20120504061","100001"
"6854","10000003","EN20120504067","100001"
"6855","10000003","EN20120504068","100001"
"6857","10000003","EN20120504070","100001"
"6861","10000003","EN20120504074","100001"
"6866","10000003","EN20120504079","100001"
"6880","10000003","EN20120504093","100001"
"6896","10000003","EN20120504109","100001"
"6921","10000003","EN20120504134","100001"
"6927","10000003","EN20120504140","100001"
"6958","10000003","EN20120504172","100001"
"6988","10000003","EN20120504202","100001"
"6990","10000003","EN20120504204","100001"
"7004","10000003","EN20120504218","100001"
"7021","10000002","EN20120504235","100003"
"7023","10000003","EN20120504237","100001"
"7030","10000003","EN20120504244","100001"
"7038","10000003","EN20120504252","100001"
"7040","10000003","EN20120504254","100001"
"7041","10000003","EN20120504255","100001"
"7046","10000003","EN20120504260","100001"
"7048","10000003","EN20120504262","100001"
"7049","10000003","EN20120504263","100001"
"7060","10000003","EN20120504274","100001"
"7064","10000003","EN20120504278","100001"
"7073","10000002","EN20120504287","100003"
"7083","10000003","EN20120504297","100001"
"7085","10000003","EN20120504299","100001"
"7092","10000003","EN20120504306","100001"
"7093","10000003","EN20120504307","100001"
"7098","10000003","EN20120504312","100001"
"7103","10000003","EN20120504317","100001"
"7104","10000003","EN20120504318","100001"
"7105","10000003","EN20120504319","100001"
"7106","10000003","EN20120504320","100001"
"7129","10000003","EN20120505004","100001"
"7130","10000003","EN20120505005","100001"
"7134","10000003","EN20120505009","100001"
"7135","10000003","EN20120505010","100001"
"7136","10000003","EN20120505011","100001"
"7141","10000003","EN20120505016","100001"
"7142","10000003","EN20120505017","100001"
"7149","10000003","EN20120505024","100001"
"7151","10000003","EN20120506002","100001"
"7159","10000003","EN20120507001","100001"
"7169","10000003","EN20120507011","100001"
"7197","10000003","EN20120507039","100001"
"7198","10000003","EN20120507040","100001"
"7222","10000003","EN20120507064","100001"
"7224","10000003","EN20120507066","100001"
"7231","10000003","EN20120507073","100001"
"7235","10000003","EN20120507077","100001"
"7236","10000003","EN20120507078","100001"
"7241","10000003","EN20120507083","100001"
"7247","10000003","EN20120507089","100001"
"7251","10000002","EN20120507093","100003"
"7255","10000003","EN20120507096","100001"
"7267","10000003","EN20120507108","100001"
"7273","10000003","EN20120507114","100001"
"7289","10000003","EN20120507131","100001"
"7294","10000003","EN20120507136","100001"
"7295","10000003","EN20120507137","100001"
"7305","10000003","EN20120507147","100001"
"7328","10000003","EN20120507170","100001"
"7331","10000003","EN20120507173","100001"
"7335","10000003","EN20120507177","100001"
"7352","10000003","EN20120507194","100001"
"7359","10000003","EN20120507201","100001"
"7362","10000003","EN20120507204","100001"
"7363","10000003","EN20120507205","100001"
"7378","10000003","EN20120507221","100001"
"7388","10000003","EN20120507231","100001"
"7397","10000003","EN20120507240","100001"
"7401","10000003","EN20120507244","100001"
"7410","10000003","EN20120507253","100001"
"7429","10000003","EN20120507272","100001"
"7445","10000003","EN20120507288","100001"
"7447","10000003","EN20120507290","100001"
"7458","10000003","EN20120507301","100001"
"7464","10000003","EN20120507307","100001"
"7465","10000003","EN20120507308","100001"
"7478","10000003","EN20120507321","100001"
"7484","10000003","EN20120507327","100001"
"7487","10000003","EN20120507330","100001"
"7491","10000003","EN20120507334","100001"
"7495","10000003","EN20120507338","100001"
"7497","10000003","EN20120507340","100001"
"7501","10000003","EN20120507344","100001"
"7512","10000003","EN20120507355","100001"
"7518","10000003","EN20120507361","100001"
"7529","10000003","EN20120507372","100001"
"7547","10000003","EN20120508004","100001"
"7548","10000003","EN20120508005","100001"
"7556","10000003","EN20120508013","100001"
"7558","10000003","EN20120508015","100001"
"7586","10000003","EN20120508043","100001"
"7600","10000003","EN20120508059","100001"
"7603","10000003","EN20120508062","100001"
"7609","10000003","EN20120508068","100001"
"7617","10000003","EN20120508076","100001"
"7620","10000003","EN20120508079","100001"
"7629","10000003","EN20120508088","100001"
"7663","10000003","EN20120508125","100001"
"7669","10000003","EN20120508131","100001"
"7673","10000003","EN20120508135","100001"
"7676","10000003","EN20120508139","100001"
"7682","10000002","EN20120508145","100003"
"7685","10000003","EN20120508147","100001"
"7686","10000003","EN20120508148","100001"
"7699","10000003","EN20120508161","100001"
"7725","10000003","EN20120508187","100001"
"7727","10000003","EN20120508189","100001"
"7732","10000003","EN20120508194","100001"
"7745","10000003","EN20120508207","100001"
"7751","10000003","EN20120508213","100001"
"7753","10000003","EN20120508215","100001"
"7759","10000003","EN20120508222","100001"
"7778","10000003","EN20120508242","100001"
"7784","10000003","EN20120508248","100001"
"7787","10000003","EN20120508251","100001"
"7797","10000003","EN20120508261","100001"
"7805","10000003","EN20120508269","100001"
"7816","10000002","EN20120508280","100003"
"7832","10000003","EN20120508295","100001"
"7837","10000003","EN20120508300","100001"
"7840","10000003","EN20120508303","100001"
"7841","10000003","EN20120508304","100001"
"7847","10000003","EN20120508310","100001"
"7854","10000003","EN20120508317","100001"
"7860","10000003","EN20120508323","100001"
"7878","10000003","EN20120508341","100001"
"7879","10000003","EN20120508342","100001"
"7886","10000003","EN20120508349","100001"
"7887","10000003","EN20120508350","100001"
"7889","10000003","EN20120508352","100001"
"7896","10000003","EN20120509003","100001"
"7904","10000003","EN20120509011","100001"
"7909","10000003","EN20120509017","100001"
"7916","10000003","EN20120509024","100001"
"7922","10000003","EN20120509030","100001"
"7926","10000003","EN20120509034","100001"
"7929","10000003","EN20120509037","100001"
"7943","10000003","EN20120509051","100001"
"7950","10000003","EN20120509058","100001"
"7968","10000003","EN20120509077","100001"
"7969","10000003","EN20120509078","100001"
"7982","10000003","EN20120509091","100001"
"7986","10000003","EN20120509095","100001"
"7994","10000003","EN20120509104","100001"
"7996","10000003","EN20120509106","100001"
"7997","10000003","EN20120509107","100001"
"8006","10000003","EN20120509116","100001"
"8018","10000003","EN20120509128","100001"
"8023","10000003","EN20120509133","100001"
"8040","10000003","EN20120509150","100001"
"8041","10000003","EN20120509151","100001"
"8055","10000003","EN20120509165","100001"
"8056","10000003","EN20120509166","100001"
"8065","10000003","EN20120509175","100001"
"8068","10000002","EN20120509178","100010"
"8070","10000002","EN20120509180","100010"
"8080","10000003","EN20120509190","100001"
"8085","10000003","EN20120509195","100001"
"8095","10000003","EN20120509205","100001"
"8121","10000003","EN20120509231","100001"
"8123","10000003","EN20120509233","100001"
"8129","10000003","EN20120509239","100001"
"8146","10000003","EN20120509256","100001"
"8147","10000003","EN20120509257","100001"
"8149","10000003","EN20120509259","100001"
"8154","10000003","EN20120509264","100001"
"8163","10000003","EN20120509273","100001"
"8181","10000003","EN20120510008","100001"
"8182","10000003","EN20120510009","100001"
"8186","10000003","EN20120510013","100001"
"8190","10000003","EN20120510016","100001"
"8196","10000003","EN20120510022","100001"
"8206","10000003","EN20120510032","100001"
"8213","10000003","EN20120510039","100001"
"8222","10000003","EN20120510048","100001"
"8243","10000003","EN20120510069","100001"
"8245","10000003","EN20120510071","100001"
"8247","10000003","EN20120510073","100001"
"8250","10000003","EN20120510076","100001"
"8253","10000003","EN20120510079","100001"
"8277","10000003","EN20120510103","100001"
"8280","10000003","EN20120510106","100001"
"8295","10000003","EN20120510121","100001"
"8301","10000003","EN20120510127","100001"
"8303","10000003","EN20120510129","100001"
"8309","10000003","EN20120510135","100001"
"8311","10000003","EN20120510137","100001"
"8316","10000003","EN20120510142","100001"
"8330","10000003","EN20120510156","100001"
"8333","10000003","EN20120510159","100001"
"8338","10000003","EN20120510164","100001"
"8340","10000003","EN20120510166","100001"
"8351","10000003","EN20120510177","100001"
"8359","10000003","EN20120510185","100001"
"8360","10000003","EN20120510186","100001"
"8361","10000003","EN20120510187","100001"
"8376","10000003","EN20120510202","100001"
"8381","10000003","EN20120510207","100001"
"8388","10000003","EN20120510214","100001"
"8401","10000003","EN20120510227","100001"
"8406","10000003","EN20120510232","100001"
"8410","10000003","EN20120510236","100001"
"8413","10000003","EN20120510239","100001"
"8427","10000003","EN20120510253","100001"
"8430","10000003","EN20120510256","100001"
"8446","10000003","EN20120511009","100001"
"8448","10000003","EN20120511011","100001"
"8467","10000003","EN20120511030","100001"
"8468","10000003","EN20120511031","100001"
"8471","10000003","EN20120511034","100001"
"8488","10000003","EN20120511051","100001"
"8497","10000003","EN20120511061","100001"
"8502","10000003","EN20120511066","100001"
"8505","10000003","EN20120511069","100001"
"8507","10000003","EN20120511071","100001"
"8508","10000003","EN20120511072","100001"
"8521","10000003","EN20120511085","100001"
"8525","10000003","EN20120511089","100001"
"8530","10000003","EN20120511094","100001"
"8535","10000003","EN20120511099","100001"
"8539","10000003","EN20120511103","100001"
"8542","10000002","EN20120511106","100003"
"8543","10000003","EN20120511107","100001"
"8544","10000003","EN20120511108","100001"
"8546","10000003","EN20120511110","100001"
"8550","10000003","EN20120511114","100001"
"8556","10000003","EN20120511120","100001"
"8588","10000003","EN20120511152","100001"
"8589","10000003","EN20120511153","100001"
"8592","10000003","EN20120511156","100001"
"8604","10000003","EN20120511168","100001"
"8610","10000003","EN20120511174","100001"
"8629","10000003","EN20120511193","100001"
"8633","10000003","EN20120511197","100001"
"8642","10000003","EN20120511206","100001"
"8644","10000003","EN20120511208","100001"
"8646","10000003","EN20120511210","100001"
"8651","10000003","EN20120511215","100001"
"8652","10000003","EN20120511216","100001"
"8660","10000003","EN20120511224","100001"
"8663","10000003","EN20120511227","100001"
"8682","10000003","EN20120511246","100001"
"8685","10000003","EN20120511249","100001"
"8687","10000003","EN20120511251","100001"
"8690","10000003","EN20120511254","100001"
"8695","10000003","EN20120511259","100001"
"8697","10000003","EN20120511261","100001"
"8699","10000003","EN20120511263","100001"
"8703","10000003","EN20120511267","100001"
"8725","10000003","EN20120513003","100001"
"8730","10000003","EN20120513008","100001"
"8735","10000003","EN20120514004","100001"
"8738","10000003","EN20120514007","100001"
"8756","10000003","EN20120514025","100001"
"8759","10000003","EN20120514028","100001"
"8780","10000003","EN20120514052","100001"
"8781","10000003","EN20120514053","100001"
"8782","10000003","EN20120514054","100001"
"8784","10000003","EN20120514056","100001"
"8789","10000003","EN20120514062","100001"
"8794","10000003","EN20120514067","100001"
"8800","10000003","EN20120514073","100001"
"8811","10000003","EN20120514084","100001"
"8817","10000003","EN20120514090","100001"
"8825","10000003","EN20120514099","100001"
"8826","10000003","EN20120514100","100001"
"8846","10000003","EN20120514120","100001"
"8848","10000003","EN20120514122","100001"
"8851","10000003","EN20120514125","100001"
"8856","10000002","EN20120514130","100010"
"8857","10000002","EN20120514131","100010"
"8858","10000002","EN20120514132","100010"
"8859","10000002","EN20120514133","100010"
"8872","10000003","EN20120514146","100001"
"8876","10000003","EN20120514150","100001"
"8894","10000003","EN20120514168","100001"
"8901","10000003","EN20120514175","100001"
"8904","10000003","EN20120514179","100001"
"8905","10000003","EN20120514180","100001"
"8906","10000003","EN20120514181","100001"
"8912","10000003","EN20120514187","100001"
"8923","10000003","EN20120514198","100001"
"8950","10000003","EN20120514226","100001"
"8960","10000002","EN20120514236","100010"
"8981","10000003","EN20120514258","100001"
"8990","10000003","EN20120514267","100001"
"8993","10000003","EN20120514270","100001"
"9006","10000003","EN20120514284","100001"
"9013","10000003","EN20120514291","100001"
"9014","10000003","EN20120514292","100001"
"9016","10000003","EN20120514294","100001"
"9022","10000003","EN20120514300","100001"
"9031","10000003","EN20120514309","100001"
"9042","10000003","EN20120514320","100001"
"9043","10000003","EN20120514321","100001"
"9050","10000003","EN20120514328","100001"
"9055","10000003","EN20120514333","100001"
"9085","10000002","EN20120515030","100003"
"9087","10000003","EN20120515032","100001"
"9091","10000003","EN20120515036","100001"
"9099","10000003","EN20120515044","100001"
"9100","10000003","EN20120515045","100001"
"9121","10000003","EN20120515066","100001"
"9125","10000003","EN20120515070","100001"
"9132","10000003","EN20120515077","100001"
"9137","10000003","EN20120515082","100001"
"9148","10000003","EN20120515093","100001"
"9152","10000003","EN20120515097","100001"
"9157","10000003","EN20120515102","100001"
"9171","10000003","EN20120515116","100001"
"9175","10000003","EN20120515120","100001"
"9191","10000003","EN20120515137","100001"
"9209","10000003","EN20120515156","100001"
"9217","10000003","EN20120515164","100001"
"9223","10000003","EN20120515170","100001"
"9228","10000003","EN20120515175","100001"
"9230","10000003","EN20120515177","100001"
"9237","10000003","EN20120515184","100001"
"9242","10000003","EN20120515189","100001"
"9249","10000003","EN20120515196","100001"
"9251","10000003","EN20120515198","100001"
"9257","10000003","EN20120515204","100001"
"9264","10000003","EN20120515211","100001"
"9265","10000002","EN20120515212","100003"
"9278","10000003","EN20120515224","100001"
"9280","10000003","EN20120515226","100001"
"9281","10000002","EN20120515227","100003"
"9292","10000003","EN20120515239","100001"
"9305","10000003","EN20120515252","100001"
"9338","10000003","EN20120515287","100001"
"9370","10000002","EN20120516027","100003"
"9372","10000003","EN20120516028","100001"
"9373","10000003","EN20120516029","100001"
"9385","10000003","EN20120516041","100001"
"9391","10000003","EN20120516047","100001"
"9397","10000003","EN20120516053","100001"
"9434","10000003","EN20120516090","100001"
"9437","10000003","EN20120516093","100001"
"9444","10000003","EN20120516100","100001"
"9452","10000003","EN20120516108","100001"
"9461","10000003","EN20120516117","100001"
"9464","10000003","EN20120516120","100001"
"9495","10000003","EN20120516152","100001"
"9507","10000003","EN20120516164","100001"
"9512","10000003","EN20120516169","100001"
"9513","10000003","EN20120516170","100001"
"9515","10000003","EN20120516172","100001"
"9520","10000003","EN20120516177","100001"
"9523","10000003","EN20120516181","100001"
"9530","10000003","EN20120516188","100001"
"9534","10000003","EN20120516192","100001"
"9557","10000003","EN20120516215","100001"
"9569","10000003","EN20120516227","100001"
"9574","10000003","EN20120516232","100001"
"9579","10000003","EN20120516237","100001"
"9580","10000003","EN20120516238","100001"
"9587","10000003","EN20120516245","100001"
"9591","10000003","EN20120516249","100001"
"9598","10000003","EN20120516256","100001"
"9607","10000003","EN20120516265","100001"
"9609","10000003","EN20120516267","100001"
"9612","10000003","EN20120516270","100001"
"9613","10000003","EN20120516271","100001"
"9620","10000003","EN20120516278","100001"
"9653","10000003","EN20120517006","100001"
"9668","10000003","EN20120517021","100001"
"9670","10000003","EN20120517023","100001"
"9674","10000002","EN20120517027","100003"
"9678","10000003","EN20120517030","100001"
"9679","10000003","EN20120517031","100001"
"9684","10000003","EN20120517036","100001"
"9693","10000002","EN20120517045","100010"
"9700","10000003","EN20120517052","100001"
"9705","10000003","EN20120517057","100001"
"9709","10000003","EN20120517061","100001"
"9714","10000003","EN20120517066","100001"
"9721","10000003","EN20120517073","100001"
"9748","10000003","EN20120517100","100001"
"9751","10000003","EN20120517103","100001"
"9758","10000003","EN20120517110","100001"
"9761","10000003","EN20120517113","100001"
"9765","10000003","EN20120517117","100001"
"9766","10000003","EN20120517118","100001"
"9785","10000003","EN20120517137","100001"
"9787","10000003","EN20120517139","100001"
"9791","10000003","EN20120517143","100001"
"9835","10000003","EN20120517190","100001"
"9849","10000003","EN20120517204","100001"
"9881","10000003","EN20120517237","100001"
"9889","10000003","EN20120517245","100001"
"9895","10000003","EN20120517251","100001"
"9897","10000003","EN20120517253","100001"
"9903","10000003","EN20120517259","100001"
"9904","10000003","EN20120517260","100001"
"9906","10000003","EN20120517262","100001"
"9907","10000003","EN20120517263","100001"
"9909","10000003","EN20120517265","100001"
"9910","10000003","EN20120517266","100001"
"9918","10000003","EN20120518004","100001"
"9920","10000003","EN20120518006","100001"
"9921","10000003","EN20120518007","100001"
"9922","10000003","EN20120518008","100001"
"9943","10000003","EN20120518029","100001"
"9944","10000003","EN20120518030","100001"
"9955","10000003","EN20120518041","100001"
"9963","10000003","EN20120518049","100001"
"9967","10000003","EN20120518053","100001"
"9969","10000003","EN20120518055","100001"
"9976","10000003","EN20120518062","100001"
"9980","10000003","EN20120518066","100001"
"9987","10000003","EN20120518073","100001"
"9989","10000003","EN20120518075","100001"
"10023","10000003","EN20120518109","100001"
"10043","10000003","EN20120518129","100001"
"10045","10000003","EN20120518131","100001"
"10053","10000003","EN20120518139","100001"
"10058","10000002","EN20120518145","100003"
"10065","10000003","EN20120518152","100001"
"10068","10000003","EN20120518155","100001"
"10074","10000003","EN20120518161","100001"
"10094","10000003","EN20120518181","100001"
"10118","10000003","EN20120518205","100001"
"10129","10000003","EN20120518216","100001"
"10133","10000003","EN20120518220","100001"
"10134","10000003","EN20120518221","100001"
"10135","10000003","EN20120518222","100001"
"10137","10000003","EN20120518224","100001"
"10156","10000003","EN20120518243","100001"
"10159","10000003","EN20120518246","100001"
"10161","10000003","EN20120518248","100001"
"10162","10000003","EN20120518249","100001"
"10173","10000003","EN20120518260","100001"
"10186","10000003","EN20120519009","100001"
"10215","10000003","EN20120521006","100001"
"10217","10000002","EN20120521008","100003"
"10233","10000003","EN20120521023","100001"
"10251","10000003","EN20120521040","100001"
"10274","10000003","EN20120521063","100001"
"10284","10000003","EN20120521073","100001"
"10309","10000003","EN20120521098","100001"
"10320","10000003","EN20120521109","100001"
"10328","10000003","EN20120521117","100001"
"10334","10000003","EN20120521123","100001"
"10335","10000003","EN20120521124","100001"
"10339","10000003","EN20120521128","100001"
"10342","10000003","EN20120521131","100001"
"10349","10000003","EN20120521138","100001"
"10355","10000003","EN20120521144","100001"
"10359","10000003","EN20120521148","100001"
"10361","10000003","EN20120521150","100001"
"10362","10000003","EN20120521151","100001"
"10383","10000003","EN20120521172","100001"
"10386","10000003","EN20120521175","100001"
"10388","10000003","EN20120521177","100001"
"10409","10000003","EN20120521198","100001"
"10412","10000002","EN20120521201","100003"
"10422","10000003","EN20120521210","100001"
"10432","10000003","EN20120521220","100001"
"10437","10000003","EN20120521225","100001"
"10442","10000003","EN20120521230","100001"
"10444","10000003","EN20120521233","100001"
"10447","10000003","EN20120521236","100001"
"10450","10000003","EN20120521239","100001"
"10452","10000003","EN20120521241","100001"
"10459","10000003","EN20120521248","100001"
"10464","10000003","EN20120521253","100001"
"10473","10000003","EN20120521262","100001"
"10495","10000003","EN20120521284","100001"
"10497","10000003","EN20120521287","100001"
"10515","10000003","EN20120521305","100001"
"10516","10000003","EN20120521306","100001"
"10522","10000003","EN20120521312","100001"
"10550","10000003","EN20120522003","100001"
"10554","10000003","EN20120522007","100001"
"10555","10000003","EN20120522008","100001"
"10566","10000003","EN20120522019","100001"
"10584","10000003","EN20120522037","100001"
"10593","10000003","EN20120522046","100001"
"10595","10000003","EN20120522048","100001"
"10601","10000003","EN20120522054","100001"
"10621","10000003","EN20120522076","100001"
"10628","10000003","EN20120522083","100001"
"10630","10000003","EN20120522085","100001"
"10642","10000003","EN20120522097","100001"
"10645","10000002","EN20120522100","100010"
"10652","10000003","EN20120522107","100001"
"10676","10000003","EN20120522131","100001"
"10678","10000003","EN20120522133","100001"
"10680","10000003","EN20120522135","100001"
"10682","10000003","EN20120522137","100001"
"10694","10000003","EN20120522150","100001"
"10695","10000003","EN20120522151","100001"
"10714","10000003","EN20120522171","100001"
"10715","10000003","EN20120522172","100001"
"10728","10000003","EN20120522185","100001"
"10750","10000003","EN20120522207","100001"
"10760","10000003","EN20120522217","100001"
"10775","10000003","EN20120522232","100001"
"10783","10000003","EN20120522240","100001"
"10784","10000003","EN20120522241","100001"
"10800","10000003","EN20120522257","100001"
"10808","10000003","EN20120522265","100001"
"10821","10000003","EN20120522278","100001"
"10825","10000003","EN20120522282","100001"
"10830","10000003","EN20120522287","100001"
"10840","10000003","EN20120523005","100001"
"10859","10000003","EN20120523025","100001"
"10871","10000003","EN20120523038","100001"
"10882","10000003","EN20120523049","100001"
"10899","10000002","EN20120523066","100003"
"10916","10000003","EN20120523083","100001"
"10976","10000003","EN20120523144","100001"
"10981","10000003","EN20120523149","100001"
"10986","10000003","EN20120523154","100001"
"11014","10000003","EN20120523182","100001"
"11026","10000003","EN20120523196","100001"
"11034","10000003","EN20120523204","100001"
"11036","10000002","EN20120523206","100003"
"11046","10000003","EN20120523216","100001"
"11056","10000003","EN20120523226","100001"
"11057","10000003","EN20120523227","100001"
"11062","10000003","EN20120523232","100001"
"11118","10000003","EN20120524005","100001"
"11119","10000003","EN20120524006","100001"
"11121","10000003","EN20120524008","100001"
"11129","10000003","EN20120524016","100001"
"11130","10000003","EN20120524017","100001"
"11133","10000003","EN20120524020","100001"
"11135","10000003","EN20120524022","100001"
"11137","10000003","EN20120524024","100001"
"11145","10000003","EN20120524032","100001"
"11159","10000003","EN20120524046","100001"
"11163","10000003","EN20120524051","100001"
"11169","10000003","EN20120524057","100001"
"11182","10000003","EN20120524070","100001"
"11202","10000003","EN20120524090","100001"
"11209","10000003","EN20120524097","100001"
"11217","10000003","EN20120524105","100001"
"11219","10000003","EN20120524107","100001"
"11230","10000003","EN20120524118","100001"
"11240","10000003","EN20120524128","100001"
"11264","10000003","EN20120524152","100001"
"11283","10000003","EN20120524171","100001"
"11288","10000003","EN20120524176","100001"
"11305","10000003","EN20120524193","100001"
"11352","10000003","EN20120524240","100001"
"11361","10000003","EN20120524250","100001"
"11369","10000003","EN20120525003","100001"
"11377","10000003","EN20120525011","100001"
"11392","10000003","EN20120525026","100001"
"11397","10000003","EN20120525031","100001"
"11428","10000002","EN20120525063","100010"
"11453","10000003","EN20120525088","100001"
"11460","10000003","EN20120525095","100001"
"11486","10000003","EN20120525121","100001"
"11498","10000003","EN20120525133","100001"
"11500","10000003","EN20120525135","100001"
"11505","10000002","EN20120525140","100003"
"11507","10000003","EN20120525142","100001"
"11518","10000003","EN20120525153","100001"
"11520","10000003","EN20120525155","100001"
"11536","10000003","EN20120525171","100001"
"11553","10000003","EN20120525188","100001"
"11558","10000003","EN20120525193","100001"
"11568","10000003","EN20120525203","100001"
"11572","10000003","EN20120525207","100001"
"11585","10000003","EN20120525219","100001"
"11588","10000003","EN20120525222","100001"
"11603","10000003","EN20120525237","100001"
"11610","10000003","EN20120525244","100001"
"11611","10000003","EN20120525245","100001"
"11612","10000003","EN20120525246","100001"
"11613","10000003","EN20120525247","100001"
"11616","10000003","EN20120525250","100001"
"11619","10000003","EN20120525252","100001"
"11622","10000002","EN20120525255","100010"
"11627","10000003","EN20120525260","100001"
"11637","10000003","EN20120525271","100001"
"11647","10000003","EN20120525281","100001"
"11679","10000003","EN20120526001","100001"
"11681","10000003","EN20120526004","100001"
"11732","10000003","EN20120527008","100001"
"11740","10000003","EN20120527016","100001"
"11783","10000003","EN20120528031","100001"
"11797","10000003","EN20120528045","100001"
"11798","10000003","EN20120528046","100001"
"11811","10000003","EN20120528059","100001"
"11812","10000003","EN20120528060","100001"
"11840","10000003","EN20120528089","100001"
"11843","10000003","EN20120528092","100001"
"11856","10000003","EN20120528105","100001"
"11857","10000003","EN20120528106","100001"
"11859","10000003","EN20120528108","100001"
"11886","10000002","EN20120528135","100010"
"11895","10000003","EN20120528144","100001"
"11896","10000003","EN20120528145","100001"
"11925","10000003","EN20120528174","100001"
"11947","10000003","EN20120528197","100001"
"11956","10000003","EN20120528206","100001"
"11968","10000003","EN20120528218","100001"
"11975","10000003","EN20120528225","100001"
"12012","10000003","EN20120528264","100001"
"12029","10000003","EN20120528281","100001"
"12030","10000003","EN20120528282","100001"
"12061","10000002","EN20120528314","100003"
"12065","10000003","EN20120528318","100001"
"12066","10000003","EN20120528319","100001"
"12070","10000002","EN20120528323","100010"
"12075","10000003","EN20120528328","100001"
"12081","10000002","EN20120528334","100003"
"12090","10000002","EN20120529003","100003"
"12093","10000003","EN20120529006","100001"
"12095","10000003","EN20120529008","100001"
"12096","10000003","EN20120529009","100001"
"12115","10000003","EN20120529028","100001"
"12130","10000003","EN20120529043","100001"
"12135","10000004","EN20120529049","100003"
"12137","10000003","EN20120529051","100001"
"12154","10000003","EN20120529068","100001"
"12160","10000003","EN20120529074","100001"
"12166","10000003","EN20120529080","100001"
"12178","10000003","EN20120529092","100001"
"12182","10000003","EN20120529096","100001"
"12189","10000003","EN20120529103","100001"
"12190","10000003","EN20120529104","100001"
"12195","10000003","EN20120529109","100001"
"12198","10000003","EN20120529112","100001"
"12199","10000003","EN20120529113","100001"
"12200","10000003","EN20120529114","100001"
"12201","10000004","EN20120529115","100001"
"12209","10000003","EN20120529123","100001"
"12224","10000003","EN20120529139","100001"
"12227","10000003","EN20120529142","100001"
"12230","10000003","EN20120529144","100001"
"12240","10000003","EN20120529154","100001"
"12265","10000003","EN20120529180","100001"
"12270","10000003","EN20120529185","100001"
"12300","10000003","EN20120529216","100001"
"12317","10000003","EN20120529233","100001"
"12328","10000003","EN20120529244","100001"
"12348","10000003","EN20120529264","100001"
"12352","10000003","EN20120529268","100001"
"12355","10000003","EN20120529271","100001"
"12380","10000003","EN20120529296","100001"
"12394","10000003","EN20120529310","100001"
"12401","10000002","EN20120530005","100010"
"12402","10000003","EN20120530006","100001"
"12419","10000002","EN20120530024","100003"
"12447","10000003","EN20120530052","100001"
"12448","10000003","EN20120530053","100001"
"12465","10000003","EN20120530071","100001"
"12477","10000003","EN20120530083","100001"
"12478","10000003","EN20120530084","100001"
"12487","10000003","EN20120530093","100001"
"12492","10000003","EN20120530098","100001"
"12495","10000003","EN20120530101","100001"
"12502","10000003","EN20120530107","100001"
"12505","10000003","EN20120530110","100001"
"12530","10000003","EN20120530135","100001"
"12542","10000003","EN20120530147","100001"
"12543","10000003","EN20120530148","100001"
"12544","10000003","EN20120530149","100001"
"12547","10000003","EN20120530152","100001"
"12573","10000003","EN20120530177","100001"
"12581","10000003","EN20120530185","100001"
"12583","10000003","EN20120530187","100001"
"12584","10000003","EN20120530188","100001"
"12586","10000003","EN20120530190","100001"
"12590","10000003","EN20120530194","100001"
"12604","10000003","EN20120530208","100001"
"12606","10000003","EN20120530210","100001"
"12607","10000003","EN20120530211","100001"
"12608","10000003","EN20120530212","100001"
"12610","10000003","EN20120530214","100001"
"12619","10000003","EN20120530223","100001"
"12620","10000003","EN20120530224","100001"
"12642","10000003","EN20120530246","100001"
"12643","10000003","EN20120530247","100001"
"12668","10000003","EN20120530272","100001"
"12671","10000003","EN20120530275","100001"
"12676","10000003","EN20120530280","100001"
"12677","10000003","EN20120530281","100001"
"12684","10000003","EN20120530288","100001"
"12685","10000003","EN20120530289","100001"
"12686","10000003","EN20120530290","100001"
"12697","10000003","EN20120531011","100001"
"12713","10000003","EN20120531027","100001"
"12729","10000003","EN20120531044","100001"
"12732","10000003","EN20120531047","100001"
"12742","10000003","EN20120531057","100001"
"12744","10000003","EN20120531059","100001"
"12761","10000003","EN20120531076","100001"
"12792","10000003","EN20120531109","100001"
"12793","10000003","EN20120531110","100001"
"12808","10000003","EN20120531125","100001"
"12814","10000003","EN20120531131","100001"
"12815","10000003","EN20120531132","100001"
"12825","10000003","EN20120531142","100001"
"12830","10000003","EN20120531147","100001"
"12835","10000003","EN20120531152","100001"
"12843","10000003","EN20120531161","100001"
"12850","10000003","EN20120531168","100001"
"12857","10000003","EN20120531175","100001"
"12858","10000003","EN20120531176","100001"
"12873","10000002","EN20120531192","100010"
"12883","10000003","EN20120531202","100001"
"12884","10000003","EN20120531203","100001"
"12895","10000003","EN20120531214","100001"
"12896","10000003","EN20120531215","100001"
"12907","10000003","EN20120531226","100001"
"12923","10000003","EN20120531242","100001"
"12925","10000003","EN20120531244","100001"
"12953","10000002","EN20120531273","100003"
